country,year,sotu_sent_pn,sotu_sent_ab,ungd_sent_pn,ungd_sent_ab,ungd_wl,sotu_wl,sotu_econ,ungd_econ,sotu_secu,ungd_secu
CHN,1956,0.020621827411167512,0.16671954314720813,NA,NA,NA,7.590656725888325,0.06781408629441624,NA,0.012690355329949238,NA
CHN,1969,-0.0561318743782862,0.17351143953389228,NA,NA,NA,7.430865425607503,0.019894841551797642,NA,0.023873809862157168,NA
CHN,1971,NA,NA,-0.04216867469879518,0.3089500860585198,7.117039586919105,NA,NA,0.016351118760757316,NA,0.04130808950086059
CHN,1972,NA,NA,-0.011802575107296138,0.26645207439198854,7.349427753934192,NA,NA,0.010014306151645207,NA,0.10085836909871244
CHN,1973,-0.027131782945736434,0.19638242894056848,0.004680708793045804,0.25275827482447344,7.22567703109328,7.1976744186046515,0.018733850129198967,0.007689735874289535,0.018410852713178296,0.06118355065195587
CHN,1974,NA,NA,-0.010858500169664066,0.24160162877502545,7.390227349847303,NA,NA,0.010858500169664066,NA,0.051238547675602306
CHN,1975,NA,NA,0.011807149885208265,0.27681206953099374,7.325024598228928,NA,NA,0.017382748442112166,NA,0.06067563135454247
CHN,1976,NA,NA,0.05269761606022585,0.27728983688833125,7.269761606022585,NA,NA,0.006273525721455458,NA,0.033249686323713924
CHN,1977,-0.04039142202789923,0.1867582760774516,0.017361111111111112,0.35555555555555557,7.159722222222222,7.348323964189048,0.022590047886737456,0.007291666666666667,0.025817197584842806,0.05625
CHN,1978,NA,NA,0.038346613545816734,0.35806772908366535,7.534362549800797,NA,NA,0.013446215139442231,NA,0.07420318725099602
CHN,1979,NA,NA,0.06070889894419306,0.2944947209653092,7.534690799396682,NA,NA,0.013197586726998492,NA,0.0641025641025641
CHN,1980,NA,NA,-0.0019408054342552159,0.2726831635128578,7.499272197962155,NA,NA,0.006792819019893256,NA,0.06210577389616691
CHN,1981,NA,NA,0.028751753155680224,0.26297335203366057,7.64796633941094,NA,NA,0.0091164095371669,NA,0.046984572230014024
CHN,1982,0.02996214169821525,0.1857220118983234,0.07519640852974187,0.25925925925925924,7.47418630751964,7.579772850189292,0.04921579232017307,0.01627384960718294,0.013953488372093023,0.057800224466891134
CHN,1983,NA,NA,0.08543489449305199,0.28409675759135355,7.510036026762738,NA,NA,0.014925373134328358,NA,0.0797735460627895
CHN,1984,NA,NA,0.034404708012675415,0.27976459936622905,7.565866908103214,NA,NA,0.03214124038026256,NA,0.08374830239927569
CHN,1985,NA,NA,0.05322128851540616,0.30196078431372547,7.3882352941176475,NA,NA,0.03417366946778711,NA,0.09299719887955182
CHN,1986,NA,NA,0.08036739380022963,0.2893226176808266,7.6923076923076925,NA,NA,0.032721010332950634,NA,0.07233065442020666
CHN,1987,0.07493118564583545,0.1452747476807014,0.08045433033601515,0.26975863700899194,7.6971131093232374,7.828728718523805,0.08002854521357937,0.03360151443445338,0.008563564073809767,0.08187411263606247
CHN,1988,NA,NA,0.08516483516483517,0.2917582417582418,7.655494505494506,NA,NA,0.03076923076923077,NA,0.06593406593406594
CHN,1989,NA,NA,0.10145739910313901,0.24047085201793722,7.648542600896861,NA,NA,0.020179372197309416,NA,0.04147982062780269
CHN,1990,NA,NA,0.11050583657587548,0.28326848249027237,7.4863813229571985,NA,NA,0.020233463035019456,NA,0.05525291828793774
CHN,1991,NA,NA,0.10226155358898721,0.2359882005899705,7.656342182890856,NA,NA,0.030973451327433628,NA,0.046214355948869225
CHN,1992,0.10227004019862852,0.1753369590919839,0.11454311454311454,0.28442728442728443,7.640926640926641,7.672735871364389,0.06479073066918893,0.05405405405405406,0.013241901158666351,0.055984555984555984
CHN,1993,NA,NA,0.054775280898876406,0.28370786516853935,7.656601123595506,NA,NA,0.042134831460674156,NA,0.07443820224719101
CHN,1994,NA,NA,0.08326394671107411,0.21648626144879268,7.681931723563697,NA,NA,0.04329725228975854,NA,0.07410491257285595
CHN,1995,NA,NA,0.11001788908765653,0.29427549194991054,7.541144901610018,NA,NA,0.03041144901610018,NA,0.06887298747763863
CHN,1996,NA,NA,0.07629629629629629,0.2288888888888889,7.562962962962963,NA,NA,0.052592592592592594,NA,0.052592592592592594
CHN,1997,0.11014672452986154,0.1717296962182269,0.12007332722273144,0.23373052245646195,7.491292392300641,7.593717710270717,0.05775986774126886,0.03024747937671861,0.014465798718743542,0.05682859761686526
CHN,1998,NA,NA,0.11236660389202763,0.23540489642184556,7.591964846202134,NA,NA,0.03327055869428751,NA,0.06528562460765851
CHN,1999,NA,NA,0.07032348804500703,0.26863572433192684,7.80379746835443,NA,NA,0.030239099859353025,NA,0.053445850914205346
CHN,2000,NA,NA,0.1156515034695451,0.2189668465690054,7.593677717810332,NA,NA,0.029298380878951428,NA,0.036237471087124135
CHN,2001,NA,NA,0.13696808510638298,0.24601063829787234,7.631648936170213,NA,NA,0.03324468085106383,NA,0.0598404255319149
CHN,2002,0.14927965668744253,0.18524573413712067,0.10105757931844889,0.199764982373678,7.776733254994125,7.664146316542352,0.0686625114948401,0.045828437132784956,0.016961275160927762,0.07168037602820211
CHN,2003,NA,NA,0.13896987366375121,0.24392614188532555,7.498542274052478,NA,NA,0.043731778425655975,NA,0.03595724003887269
CHN,2004,NA,NA,0.1523046092184369,0.2925851703406814,7.802605210420841,NA,NA,0.04308617234468938,NA,0.07515030060120241
CHN,2005,NA,NA,0.12461695607763024,0.2226762002042901,7.579162410623085,NA,NA,0.049029622063329927,NA,0.03881511746680286
CHN,2006,NA,NA,0.23593287265547877,0.3010858835143139,7.645607107601185,NA,NA,0.04343534057255676,NA,0.04738400789733465
CHN,2007,0.16698601264610077,0.20741521364246024,0.20675105485232068,0.2607594936708861,7.571308016877637,7.7218815865108255,0.06917033914543017,0.046413502109704644,0.016478252538800538,0.029535864978902954
CHN,2008,NA,NA,0.1551155115511551,0.2871287128712871,7.475247524752476,NA,NA,0.052805280528052806,NA,0.0231023102310231
CHN,2009,NA,NA,0.1364190012180268,0.292326431181486,7.8550548112058465,NA,NA,0.1023142509135201,NA,0.057247259439707675
CHN,2010,NA,NA,0.1977401129943503,0.24858757062146894,7.3940677966101696,NA,NA,0.096045197740113,NA,0.011299435028248588
CHN,2011,NA,NA,0.15701325889741802,0.27145847871598044,7.568039078855548,NA,NA,0.08094905792044661,NA,0.02372644801116539
CHN,2012,0.1700547993636203,0.21742973307406752,0.1574750830564784,0.26245847176079734,7.669102990033222,7.693919038359555,0.06328442637440339,0.053820598006644516,0.01732366978964115,0.03255813953488372
CHN,2013,NA,NA,0.13945578231292516,0.23129251700680273,7.531462585034014,NA,NA,0.05952380952380952,NA,0.02891156462585034
CHN,2014,NA,NA,0.11495246326707001,0.31201382886776147,7.397579948141746,NA,NA,0.018150388936905792,NA,0.06482281763180639
CHN,2015,NA,NA,0.16180904522613065,0.3306532663316583,7.4361809045226135,NA,NA,0.04120603015075377,NA,0.04020100502512563
CHN,2016,NA,NA,0.14285714285714285,0.2670807453416149,7.63265306122449,NA,NA,0.09139307897071872,NA,0.030168589174800354
CHN,2017,0.16499595796281324,0.2299919159256265,0.18498659517426275,0.26005361930294907,7.590705987488829,7.532740501212611,0.04801940177849636,0.040214477211796246,0.0185125303152789,0.04289544235924933
GHA,1970,NA,NA,0.0878105141536684,0.2553437319468515,7.880993645291739,NA,NA,0.04563835932986713,NA,0.017908723281340265
GHA,1971,NA,NA,0.10238353196099675,0.2659804983748646,7.7697724810400866,NA,NA,0.04333694474539545,NA,0.02437703141928494
GHA,1972,NA,NA,0.06594594594594595,0.2518918918918919,7.488108108108108,NA,NA,0.03945945945945946,NA,0.024864864864864864
GHA,1973,NA,NA,0.02735810534912209,0.27480604328297265,7.455696202531645,NA,NA,0.02000816659861168,NA,0.03225806451612903
GHA,1974,NA,NA,0.043593833067517275,0.2817650186071239,7.474747474747475,NA,NA,0.02073365231259968,NA,0.03349282296650718
GHA,1975,NA,NA,0.06988120195667366,0.2613556953179595,7.52900069881202,NA,NA,0.008385744234800839,NA,0.019566736547868623
GHA,1976,NA,NA,0.041103017689906346,0.27419354838709675,7.612903225806452,NA,NA,0.01768990634755463,NA,0.03173777315296566
GHA,1977,NA,NA,0.06728160607704829,0.26370048833423765,7.626153011394465,NA,NA,0.015735214324470972,NA,0.0341833966359197
GHA,1978,NA,NA,0.02731958762886598,0.272680412371134,7.475257731958763,NA,NA,0.021134020618556702,NA,0.03865979381443299
GHA,1979,NA,NA,0.03194726166328601,0.22768762677484786,7.695740365111562,NA,NA,0.048174442190669374,NA,0.016227180527383367
GHA,1980,NA,NA,0.06873760740251157,0.3146067415730337,7.636483807005948,NA,NA,0.01982815598149372,NA,0.0449438202247191
GHA,1981,NA,NA,0.04955223880597015,0.3194029850746269,7.690746268656716,NA,NA,0.031044776119402984,NA,0.03402985074626866
GHA,1982,NA,NA,0.014011799410029498,0.28982300884955753,7.421828908554573,NA,NA,0.03982300884955752,NA,0.03761061946902655
GHA,1983,NA,NA,0.00245398773006135,0.30920245398773005,7.58159509202454,NA,NA,0.02392638036809816,NA,0.04478527607361963
GHA,1984,NA,NA,0.04105775922059847,0.2874043145441893,7.707724425887265,NA,NA,0.03479471120389701,NA,0.04036186499652053
GHA,1985,NA,NA,0.015041782729805013,0.30362116991643456,7.6016713091922,NA,NA,0.017827298050139277,NA,0.03899721448467967
GHA,1986,NA,NA,0.02336448598130841,0.2908878504672897,7.650700934579439,NA,NA,0.029789719626168224,NA,0.03271028037383177
GHA,1987,NA,NA,0.02704443013522215,0.25627817128139085,7.633612363168062,NA,NA,0.04829362524146812,NA,0.027688345138441726
GHA,1988,NA,NA,0.040948275862068964,0.27227011494252873,7.683908045977011,NA,NA,0.04597701149425287,NA,0.032327586206896554
GHA,1989,NA,NA,0.034597471723220224,0.2860944777112442,7.507651363938789,NA,NA,0.054557551563539586,NA,0.036593479707252165
GHA,1990,NA,NA,0.049529780564263326,0.25517241379310346,7.607523510971787,NA,NA,0.04326018808777429,NA,0.02821316614420063
GHA,1991,NA,NA,0.04025423728813559,0.259180790960452,7.613700564971752,NA,NA,0.05508474576271186,NA,0.048728813559322036
GHA,1992,NA,NA,-0.002748763056624519,0.33699835074216605,7.529411764705882,NA,NA,0.026388125343595383,NA,0.05497526113249038
GHA,1993,NA,NA,0.06147540983606557,0.29918032786885246,7.536885245901639,NA,NA,0.021311475409836064,NA,0.056557377049180325
GHA,1994,NA,NA,0.079476861167002,0.306841046277666,7.754527162977867,NA,NA,0.028169014084507043,NA,0.059356136820925554
GHA,1995,NA,NA,0.11565420560747663,0.316588785046729,7.691588785046729,NA,NA,0.017523364485981307,NA,0.04672897196261682
GHA,1996,NA,NA,0.08063175394846218,0.228595178719867,7.822111388196176,NA,NA,0.022443890274314215,NA,0.0656691604322527
GHA,1997,NA,NA,0.050199203187251,0.2685258964143426,7.8701195219123505,NA,NA,0.043824701195219126,NA,0.043824701195219126
GHA,1998,NA,NA,0.05752636625119847,0.2665388302972196,7.570469798657718,NA,NA,0.023010546500479387,NA,0.038350910834132314
GHA,1999,NA,NA,0.041928721174004195,0.2278127183787561,7.795248078266946,NA,NA,0.0286512928022362,NA,0.0517120894479385
GHA,2000,NA,NA,0.10689388071262587,0.2525174283501162,7.701238390092879,NA,NA,0.034055727554179564,NA,0.04721362229102167
GHA,2001,NA,NA,0.1261682242990654,0.2538940809968847,7.7601246105919,NA,NA,0.0514018691588785,NA,0.06542056074766354
GHA,2002,NA,NA,0.07294429708222812,0.2639257294429708,7.5092838196286475,NA,NA,0.05305039787798409,NA,0.010610079575596816
GHA,2003,NA,NA,0.08713692946058091,0.2752420470262794,7.70954356846473,NA,NA,0.04426002766251729,NA,0.03872752420470263
GHA,2004,NA,NA,0.04888888888888889,0.24888888888888888,7.693333333333333,NA,NA,0.042222222222222223,NA,0.03333333333333333
GHA,2005,NA,NA,0.0783132530120482,0.25903614457831325,7.548192771084337,NA,NA,0.0391566265060241,NA,0.02710843373493976
GHA,2006,NA,NA,0.10778443113772455,0.26047904191616766,7.709580838323354,NA,NA,0.019461077844311378,NA,0.05089820359281437
GHA,2007,NA,NA,0.09350649350649351,0.24155844155844156,7.576623376623377,NA,NA,0.045454545454545456,NA,0.03896103896103896
GHA,2008,0.08794674141555711,0.16082690960056062,0.10801963993453355,0.2225859247135843,7.600654664484452,7.294674141555712,0.07778556412053259,0.08346972176759411,0.003854239663629993,0.008183306055646482
GHA,2009,NA,NA,0.08190709046454768,0.30684596577017115,7.645476772616137,NA,NA,0.0745721271393643,NA,0.023227383863080684
GHA,2010,NA,NA,0.05322128851540616,0.29971988795518206,7.607843137254902,NA,NA,0.0546218487394958,NA,0.028011204481792718
GHA,2011,0.051929824561403506,0.16140350877192983,0.13658536585365855,0.24146341463414633,7.503658536585366,7.005964912280702,0.0712280701754386,0.032926829268292684,0.015789473684210527,0.04878048780487805
GHA,2012,0.06102494942683749,0.16217127444369522,0.10801781737193764,0.27728285077951004,7.403118040089087,6.952124072825354,0.07012811867835468,0.0378619153674833,0.013486176668914362,0.03229398663697105
GHA,2013,0.08814251252551494,0.1838931156058638,0.052915766738660906,0.2408207343412527,6.960043196544277,7.454629801447393,0.06884394136203377,0.04967602591792657,0.010762664687326035,0.03347732181425486
GHA,2014,0.061218243036424855,0.14304662789511274,0.04766269477543538,0.25481209899175067,7.0311640696608615,7.205285174982144,0.08478726660544843,0.032080659945004586,0.006529945923885318,0.031164069660861594
GHA,2015,0.062066613618278955,0.13754689098556325,0.036251105216622455,0.21308576480990274,6.948717948717949,7.040127316130499,0.061952938501761964,0.032714412024756855,0.0064794816414686825,0.01856763925729443
GHA,2016,0.04601042502004812,0.1308139534883721,0.08132147395171538,0.25921219822109276,7.012071156289708,7.023957497995188,0.06716118684843625,0.04637865311308768,0.007117080994386528,0.03176620076238882
GHA,2017,0.0774935113088617,0.19985168705969597,0.11885895404120443,0.2583201267828843,7.0950871632329635,7.161290322580645,0.08157211716722285,0.028526148969889066,0.012235817575083427,0.020602218700475437
GHA,2018,0.082291363768537365,0.20383832509450422,NA,NA,NA,7.0619366094795,0.056411747601046815,NA,0.012212852573422507,NA
PHL,1935,0.05843801201529219,0.21900600764609504,NA,NA,NA,7.735117422173675,0.025669033315128344,NA,0.04860731840524304,NA
PHL,1936,0.05056980056980057,0.16809116809116809,NA,NA,NA,7.492521367521367,0.07336182336182336,NA,0.014957264957264958,NA
PHL,1937,0.10693359375,0.20166015625,NA,NA,NA,7.6669921875,0.0400390625,NA,0.005859375,NA
PHL,1938,0.02682701202590194,0.20259019426456984,NA,NA,NA,7.047178538390379,0.15263644773358,NA,0.0037002775208140612,NA
PHL,1939,0.10303030303030303,0.18484848484848485,NA,NA,NA,7.7868686868686865,0.08383838383838384,NA,0.013636363636363636,NA
PHL,1940,0.019279128248113998,0.16848281642917015,NA,NA,NA,7.756915339480302,0.08005029337803855,NA,0.006705783738474434,NA
PHL,1941,0.04419889502762431,0.13303867403314917,NA,NA,NA,7.69767955801105,0.08088397790055249,NA,0.010607734806629835,NA
PHL,1945,0.03405405405405405,0.27297297297297296,NA,NA,NA,7.422702702702702,0.0075675675675675675,NA,0.03891891891891892,NA
PHL,1946,0.008830497523153133,0.1949170794744777,NA,NA,NA,7.558690501830713,0.07839758776653026,NA,0.03015291837174241,NA
PHL,1947,0.05566218809980806,0.1854126679462572,NA,NA,NA,7.615355086372361,0.06756238003838771,NA,0.03147792706333973,NA
PHL,1948,0.04673762147154095,0.2156409069875058,NA,NA,NA,7.211938917167978,0.08722813512262842,NA,0.026839426191577972,NA
PHL,1949,0.084491587417703,0.1964155084125823,NA,NA,NA,7.634235552304316,0.09473299195318215,NA,0.015362106803218726,NA
PHL,1950,0.03561887800534283,0.16028495102404275,NA,NA,NA,7.528940338379341,0.0917186108637578,NA,0.019590382902938557,NA
PHL,1951,0.07892882311486962,0.2339675828047921,NA,NA,NA,7.632840028188865,0.06483439041578576,NA,0.03946441155743481,NA
PHL,1952,0.047067088162978575,0.19880576044959605,NA,NA,NA,7.545486476993326,0.07481559536354057,NA,0.020021074815595362,NA
PHL,1953,0.054312145628170695,0.1378692927484333,NA,NA,NA,7.372724559832886,0.11339898537749925,NA,0.013130408833184124,NA
PHL,1954,0.06045156591405681,0.2381646030589949,NA,NA,NA,7.615440640932265,0.0968681718863802,NA,0.009468317552804079,NA
PHL,1955,0.09893871961656966,0.17699418007531667,NA,NA,NA,7.530297843204382,0.10510099281068128,NA,0.013009243409791168,NA
PHL,1956,0.09325210871602624,0.1429240862230553,NA,NA,NA,7.389878163074039,0.1049671977507029,NA,0.005154639175257732,NA
PHL,1957,0.09327266818329542,0.13617159571010726,NA,NA,NA,7.346766330841729,0.10172245693857654,NA,0.012674683132921676,NA
PHL,1958,0.05467625899280575,0.13381294964028778,NA,NA,NA,7.829016786570744,0.0985611510791367,NA,0.010551558752997603,NA
PHL,1959,0.0586427051312367,0.16174036415228185,NA,NA,NA,7.491369117994798,0.10191534641759281,NA,0.010640813431071176,NA
PHL,1960,0.09859604339502234,0.15603063178047225,NA,NA,NA,7.455966815571155,0.10082961072112316,NA,0.009253350350989151,NA
PHL,1961,0.08053166536356529,0.16497263487099295,NA,NA,NA,7.446181912952828,0.10320562939796717,NA,0.011727912431587178,NA
PHL,1962,0.07875833760903027,0.15315546434068752,NA,NA,NA,7.540790148794254,0.11749615187275526,NA,0.002052334530528476,NA
PHL,1963,0.07237838747685575,0.17875778488469954,NA,NA,NA,7.51102507995287,0.0814677663692981,NA,0.012287493687931325,NA
PHL,1964,0.1407907425265188,0.36065573770491804,NA,NA,NA,7.343297974927676,0.058823529411764705,NA,0.009643201542912247,NA
PHL,1965,0.07297003570874087,0.14904517931998137,NA,NA,NA,7.223102002794597,0.0855457227138643,NA,0.008228535941623972,NA
PHL,1966,0.024263431542461005,0.2391681109185442,NA,NA,NA,7.527440785673021,0.06643558636626228,NA,0.01733102253032929,NA
PHL,1967,0.03948772678762007,0.18951059612745846,NA,NA,NA,7.405244701936271,0.10306449153834427,NA,0.011587132184784266,NA
PHL,1968,0.06334841628959276,0.13725490196078433,NA,NA,NA,7.392659627953746,0.10281548516842634,NA,0.01608848667672197,NA
PHL,1969,0.02545564090977557,0.15710197318873323,NA,NA,NA,7.391323994577497,0.08691067931917458,NA,0.012803133001958126,NA
PHL,1970,0.05052099778970635,0.18882222923902747,0.045278137128072445,0.2652005174644243,7.5717981888745145,7.512314493211241,0.07799179033785918,0.02328589909443726,0.023208083359646352,0.02328589909443726
PHL,1971,0.03823921742996887,0.15236401363568994,0.06443514644351464,0.18326359832635983,7.630125523012552,7.357640432784941,0.0970801837853861,0.029288702928870293,0.006817844968133985,0.01799163179916318
PHL,1972,0.020371091215777865,0.1623199688594784,0.09583333333333334,0.2635416666666667,7.463541666666667,7.461268976255353,0.08758271701050993,0.023958333333333335,0.020630595562475672,0.0265625
PHL,1973,0.02238209432454037,0.1606714628297362,0.09358417752050169,0.23347805113362277,7.586107091172214,7.255395683453237,0.0903277378097522,0.025566811384466957,0.009992006394884092,0.023154848046309694
PHL,1974,0.013447782546494993,0.1759656652360515,0.022637795275590553,0.21358267716535434,7.545767716535433,7.240629470672389,0.055221745350500714,0.031496062992125984,0.02317596566523605,0.020177165354330708
PHL,1975,0.015378221113881962,0.20989193682460516,0.1041041041041041,0.21421421421421422,7.677677677677678,7.386533665835412,0.06151288445552785,0.03803803803803804,0.01371571072319202,0.014014014014014014
PHL,1976,0.04066985645933014,0.14413875598086123,0.04304828388598022,0.2571262361838278,7.554973821989528,7.42165071770335,0.08582535885167464,0.014543339150668994,0.01076555023923445,0.03374054682955206
PHL,1977,0.042354934349851756,0.17619652689538332,0.09914712153518124,0.2420042643923241,7.67590618336887,7.102498941126641,0.09572215163066497,0.014925373134328358,0.008047437526471834,0.024520255863539446
PHL,1978,0.04470021413276231,0.20529978586723768,0.04318936877076412,0.21926910299003322,7.417774086378738,7.605995717344753,0.038276231263383295,0.018272425249169437,0.00936830835117773,0.03737541528239203
PHL,1979,-0.0025404890441409972,0.1340107970784376,0.028284671532846715,0.23448905109489052,7.110401459854015,7.443315338202604,0.10352492854874563,0.013686131386861315,0.007939028262940616,0.028284671532846715
PHL,1980,0.06334841628959276,0.16189039718451484,0.030217186024551465,0.26817752596789424,7.441926345609065,7.005027652086476,0.09703368526897939,0.016052880075542966,0.01860231271995978,0.036827195467422094
PHL,1981,0.06385932438685793,0.13882461823229986,0.004338394793926247,0.2588575560375994,7.386117136659436,7.647385469689958,0.07080055529847293,0.021691973969631236,0.004627487274409995,0.046999276934201015
PHL,1982,0.0027159152634437804,0.15154807170016296,0.10762800417972831,0.2560083594566353,7.471264367816092,7.483976099945682,0.03530689842476915,0.006269592476489028,0.00977729494839761,0.024033437826541274
PHL,1983,0.03766025641025641,0.17227564102564102,0.04007633587786259,0.2366412213740458,7.564885496183206,7.300480769230769,0.07692307692307693,0.015267175572519083,0.003205128205128205,0.04770992366412214
PHL,1984,0.03861003861003861,0.22614451185879758,0.04971857410881801,0.3030018761726079,7.587242026266416,7.523441809156095,0.09652509652509653,0.04409005628517824,0.013789299503585218,0.06566604127579738
PHL,1985,0.036328871892925434,0.19694072657743786,0.07339927121290994,0.2545549193128579,7.408641332639251,7.169534735500319,0.10739324410452518,0.07756376887038001,0.017208413001912046,0.03331598125976054
PHL,1986,NA,NA,0.06818181818181818,0.3984848484848485,7.224242424242425,NA,NA,0.0015151515151515152,NA,0.02878787878787879
PHL,1987,0.05176470588235294,0.2823529411764706,0.06451612903225806,0.32014607425441266,7.595252586731589,7.247843137254902,0.0596078431372549,0.017650639074863056,0.022745098039215685,0.03956177723676202
PHL,1988,0.04768683274021352,0.23701067615658364,-0.0475785896346644,0.27187765505522515,6.931180968564147,7.232740213523131,0.07259786476868327,0.10195412064570943,0.015658362989323844,0.013593882752761258
PHL,1989,0.04783599088838269,0.2422171602126044,0.003076923076923077,0.24512820512820513,6.969230769230769,7.408504176157935,0.08959757023538345,0.09743589743589744,0.017463933181473046,0.011282051282051283
PHL,1990,0.06656346749226007,0.2043343653250774,0.017777777777777778,0.28888888888888886,7.073333333333333,7.1536377708978325,0.05804953560371517,0.043333333333333335,0.011996904024767802,0.04111111111111111
PHL,1991,0.0514018691588785,0.2917222963951936,0.07110091743119266,0.20871559633027523,7.338302752293578,7.238985313751669,0.0267022696929239,0.005733944954128441,0.012016021361815754,0.016055045871559634
PHL,1992,0.028841111693759833,0.20503408495018352,0.10420711974110032,0.2686084142394822,7.528155339805825,7.316203460933403,0.06974305191400104,0.02977346278317152,0.02149973780807551,0.0343042071197411
PHL,1993,0.08627678054429647,0.22177185871453386,-0.016366612111292964,0.24713584288052373,7.552373158756137,7.489287782281413,0.08859293572669369,0.04091653027823241,0.008106543138390272,0.03764320785597381
PHL,1994,0.05662983425414365,0.21593001841620627,0.09230769230769231,0.25034965034965034,7.734265734265734,7.235267034990792,0.09806629834254144,0.03986013986013986,0.007366482504604052,0.044055944055944055
PHL,1995,0.06058673469387755,0.22130102040816327,0.06289881494986327,0.2488605287146764,7.802187784867821,7.238520408163265,0.08035714285714286,0.03646308113035551,0.02614795918367347,0.054694621695533276
PHL,1996,0.07050976655550262,0.19056693663649357,0.02846441947565543,0.21423220973782772,7.4823970037453185,7.338732729871367,0.07193901858027632,0.045692883895131084,0.022391615054787994,0.0696629213483146
PHL,1997,0.07169192953707497,0.15116755428103237,0.07985803016858918,0.2839396628216504,7.37888198757764,7.2843097091356,0.07046292503072511,0.0354924578527063,0.010241704219582138,0.055900621118012424
PHL,1998,-0.02021174205967276,0.10202117420596728,0.048115477145148355,0.27105052125100243,7.467522052927025,6.6717998075072185,0.05245428296438884,0.034482758620689655,0.011549566891241578,0.04891740176423416
PHL,1999,-0.002472624514305899,0.21229247615683505,0.12657166806370496,0.2958927074601844,7.516345347862531,6.8357470858353935,0.08760155422112328,0.051969823973176864,0.015895443306252206,0.04107292539815591
PHL,2000,-0.007695126419934042,0.22022718944668376,0.0782967032967033,0.2733516483516483,7.153846153846154,7.145840967387321,0.06266031513374863,0.046703296703296704,0.03444485159399047,0.03983516483516483
PHL,2001,0.010942463819272856,0.13660430638898693,-0.09927007299270073,0.31532846715328466,7.137226277372263,6.84680550653018,0.07306741969643488,0.08467153284671533,0.018002117896223083,0.059854014598540145
PHL,2002,0.01818181818181818,0.23030303030303031,0,0.2931785195936139,7.537010159651669,6.789393939393939,0.03383838383838384,0.0783744557329463,0.04494949494949495,0.06821480406386067
PHL,2003,0.018411967779056387,0.11047180667433831,0.1310592459605027,0.289048473967684,7.6014362657091565,6.66283084004603,0.04372842347525892,0.02154398563734291,0.02819332566168009,0.07540394973070018
PHL,2004,0.04059652029826015,0.22949461474730737,0.05847953216374269,0.2729044834307992,7.287524366471735,6.940347970173985,0.05550952775476388,0.049707602339181284,0.016570008285004142,0.05165692007797271
PHL,2005,0.05654761904761905,0.23511904761904762,0.04158215010141988,0.2829614604462475,7.476673427991886,7.0788690476190474,0.06101190476190476,0.04158215010141988,0.023809523809523808,0.029411764705882353
PHL,2006,0.059082892416225746,0.1437389770723104,0.12426900584795321,0.24707602339181287,7.489766081871345,6.669753086419753,0.05335097001763668,0.03508771929824561,0.009259259259259259,0.043859649122807015
PHL,2007,0.08047411104179664,0.16781035558328133,0.15119760479041916,0.21107784431137724,7.399700598802395,6.74235807860262,0.047411104179663134,0.07784431137724551,0.015595757953836557,0.020958083832335328
PHL,2008,0.018852459016393444,0.15,0.07633587786259542,0.25190839694656486,7.015267175572519,6.56844262295082,0.06639344262295081,0.1049618320610687,0.004508196721311476,0.02862595419847328
PHL,2009,-0.002275830678197542,0.1843422849340009,0.02761795166858458,0.285385500575374,7.513233601841197,6.613108784706418,0.059626763768775605,0.06329113924050633,0.014110150204824761,0.05063291139240506
PHL,2010,0.007494379215588309,0.06495128653509867,0.11933174224343675,0.2911694510739857,7.570405727923628,6.4673994504121906,0.0412190856857357,0.016706443914081145,0.004996252810392206,0.021479713603818614
PHL,2011,0.016088328075709778,0.08738170347003155,0.1235370611183355,0.2483745123537061,7.413524057217165,6.370504731861199,0.03470031545741325,0.02340702210663199,0.00583596214511041,0.0494148244473342
PHL,2012,0.009489916963226572,0.08639778568604191,0.06475485661424607,0.23496762257169287,7.3256244218316375,6.374654013444049,0.027283511269276393,0.032377428307123035,0.005931198102016607,0.034227567067530065
PHL,2013,0.022740274599542334,0.07151029748283753,0.0910871694417238,0.21645445641527913,7.860920666013712,6.382580091533181,0.02831807780320366,0.05190989226248776,0.006149885583524028,0.01665034280117532
PHL,2014,0.01993685160126297,0.08903924221921515,0.10031347962382445,0.274294670846395,7.599529780564263,6.501127649977447,0.029409111411817773,0.025078369905956112,0.005322507893549842,0.04467084639498432
PHL,2015,0.020833333333333332,0.08767893660531698,0.08949771689497717,0.24840182648401826,7.4940639269406395,6.490030674846626,0.022494887525562373,0.0273972602739726,0.004217791411042945,0.045662100456621
PHL,2016,-0.0026679602231384912,0.13800630608780015,0.08375893769152196,0.27783452502553624,7.548518896833504,6.440941062333253,0.025466893039049237,0.030643513789581207,0.021586223623575068,0.030643513789581207
PHL,2017,-0.03537735849056604,0.19693396226415094,-0.022546419098143235,0.3129973474801061,7.089522546419098,6.365762578616352,0.02613993710691824,0.019230769230769232,0.022209119496855344,0.07692307692307693
PHL,2018,0.035114503816793895,0.26615776081424936,NA,NA,NA,7.12824427480916,0.051908396946564885,NA,0.024427480916030534,NA
RUS,1971,NA,NA,0.08527131782945736,0.2180653859116953,7.3616447590158405,NA,NA,0.00977418267610381,NA,0.06167846309403438
RUS,1972,NA,NA,0.05076472502440612,0.2629352424341035,7.311747478034494,NA,NA,0.0048812235600390495,NA,0.08395704523267165
RUS,1973,NA,NA,0.07512520868113523,0.22203672787979967,7.330884808013356,NA,NA,0.01001669449081803,NA,0.051085141903171954
RUS,1974,NA,NA,0.07050572166851236,0.21520856404577335,7.313768918420081,NA,NA,0.009966777408637873,NA,0.07013658176448874
RUS,1975,NA,NA,0.06634182908545727,0.2485007496251874,7.269865067466267,NA,NA,0.011244377811094454,NA,0.05734632683658171
RUS,1976,NA,NA,0.06382335148215366,0.23018753781004234,7.2416817906836055,NA,NA,0.01058681185722928,NA,0.06836055656382335
RUS,1977,NA,NA,0.061979648473635525,0.22910884983040394,7.289238359543632,NA,NA,0.008633980881899476,NA,0.0746222633364169
RUS,1978,NA,NA,0.03664345914254306,0.22132649322096007,7.2231586661780876,NA,NA,0.008427995602784902,NA,0.09747160131916453
RUS,1979,NA,NA,0.06827309236947791,0.21927710843373494,7.219277108433735,NA,NA,0.006024096385542169,NA,0.05381526104417671
RUS,1980,NA,NA,0.02268370607028754,0.19456869009584665,7.383067092651757,NA,NA,0.007348242811501597,NA,0.07635782747603834
RUS,1981,NA,NA,0.02361429977041653,0.23679895047556576,7.112167923909478,NA,NA,0.00754345687110528,NA,0.06198753689734339
RUS,1982,NA,NA,0.032539416303253944,0.2264340825226434,7.254612546125461,NA,NA,0.00637370010063737,NA,0.07715531700771554
RUS,1983,NA,NA,0.046341463414634146,0.22195121951219512,7.147256097560976,NA,NA,0.006097560975609756,NA,0.07652439024390244
RUS,1984,NA,NA,0.018862275449101795,0.23862275449101797,7.12874251497006,NA,NA,0.005988023952095809,NA,0.08323353293413174
RUS,1985,NA,NA,0.03761755485893417,0.2507836990595611,7.414184952978056,NA,NA,0.009404388714733543,NA,0.0713166144200627
RUS,1986,NA,NA,0.024247867085765602,0.24068253255500674,7.444544229905703,NA,NA,0.008082622361921869,NA,0.06690615177368657
RUS,1987,NA,NA,0.031055900621118012,0.2329192546583851,7.455486542443064,NA,NA,0.015010351966873706,NA,0.054865424430641824
RUS,1988,NA,NA,0.05309734513274336,0.1906677393403057,7.561946902654867,NA,NA,0.009654062751407884,NA,0.0498793242156074
RUS,1989,NA,NA,0.025380710659898477,0.20812182741116753,7.514997692662667,NA,NA,0.02168897092754961,NA,0.06183664051684356
RUS,1990,NA,NA,-0.0027235587834770767,0.25238311393554247,7.608715388107127,NA,NA,0.015433499773036768,NA,0.05901044030867
RUS,1991,NA,NA,0.05483704086911537,0.21003621314019658,7.632177961717537,NA,NA,0.013450594930160372,NA,0.04397309881013968
RUS,1992,NA,NA,0.09750812567713976,0.24918743228602383,7.670639219934994,NA,NA,0.016251354279523293,NA,0.04875406283856988
RUS,1993,NA,NA,0.039761431411530816,0.2644135188866799,7.760437375745527,NA,NA,0.012922465208747515,NA,0.061630218687872766
RUS,1994,NA,NA,0.0022865853658536584,0.2263719512195122,7.520579268292683,NA,NA,0.009146341463414634,NA,0.08155487804878049
RUS,1995,NA,NA,0.05995475113122172,0.2160633484162896,7.540723981900452,NA,NA,0.012443438914027148,NA,0.05995475113122172
RUS,1996,NA,NA,0.08247422680412371,0.22508591065292097,7.8075601374570445,NA,NA,0.006872852233676976,NA,0.06529209621993128
RUS,1997,NA,NA,0.037937743190661476,0.20330739299610895,7.607976653696498,NA,NA,0.009727626459143969,NA,0.057392996108949414
RUS,1998,NA,NA,0.03335980937251787,0.1938046068308181,7.6322478157267675,NA,NA,0.009531374106433678,NA,0.0698967434471803
RUS,1999,NA,NA,0.03861003861003861,0.22084942084942086,7.7335907335907335,NA,NA,0.008494208494208495,NA,0.055598455598455596
RUS,2000,0.045756457564575644,0.2095940959409594,0.09145299145299145,0.24358974358974358,7.947008547008547,7.733210332103321,0.056457564575645755,0.017948717948717947,0.008487084870848708,0.06324786324786325
RUS,2001,0.07227374480332587,0.20083146786056924,0.08991228070175439,0.2565789473684211,8.203947368421053,7.474896066517429,0.0709945634793732,0.017543859649122806,0.008954269267668692,0.10307017543859649
RUS,2002,0.030710835058661144,0.15976535541752934,0.01597444089456869,0.22470713525026625,7.8445154419595315,7.782953761214631,0.06694271911663216,0.012779552715654952,0.01621808143547274,0.08413205537806177
RUS,2003,0.07804568527918782,0.21954314720812182,0.11024498886414254,0.2594654788418708,7.73162583518931,7.455266497461929,0.0532994923857868,0.01002227171492205,0.03267766497461929,0.05011135857461024
RUS,2004,0.06114468538926413,0.16779239246356203,0,0.24440298507462688,7.6763059701492535,7.536437966583718,0.08958407394241023,0.008395522388059701,0.01848560255954497,0.0830223880597015
RUS,2005,0.10294666169339799,0.2215591197314435,0.023876404494382022,0.24578651685393257,7.599719101123595,7.5121223424095485,0.05184632599776203,0.014044943820224719,0.013054830287206266,0.08848314606741572
RUS,2006,0.07424867413081909,0.1791396582203889,0.08610400682011936,0.21909633418584826,7.880647911338448,7.335002946375957,0.06157925751325869,0.0196078431372549,0.05509723040659988,0.059676044330775786
RUS,2007,0.0656040656040656,0.13305613305613306,0.15005727376861397,0.2279495990836197,7.917525773195877,7.4795564795564795,0.07877107877107876,0.030927835051546393,0.0164010164010164,0.045819014891179836
RUS,2008,0.06106696935300795,0.20408626560726448,-0.01743119266055046,0.23027522935779818,7.606422018348624,7.704199772985244,0.04290578887627696,0.01743119266055046,0.014755959137343927,0.05412844036697248
RUS,2009,0.06690633113640902,0.1719592570401438,0.05309734513274336,0.23185840707964603,7.576991150442478,7.752346714599561,0.06291192330736968,0.018584070796460177,0.015578190533253445,0.06548672566371681
RUS,2010,0.03952339436210404,0.17204301075268819,0.10576923076923077,0.18653846153846154,7.8567307692307695,7.530078465562337,0.05492589363557106,0.016346153846153847,0.02121476315024702,0.0625
RUS,2011,0.048206937095825984,0.17871840094062316,0.038433111603843315,0.21286031042128603,7.699926090169993,7.7707231040564375,0.053203997648442095,0.016260162601626018,0.020282186948853614,0.06504065040650407
RUS,2012,0.07027498908773461,0.17939764295067656,0.008016032064128256,0.24649298597194388,7.652304609218437,7.573766914011348,0.07027498908773461,0.008016032064128256,0.010257529463116543,0.045090180360721446
RUS,2013,0.05247670426679745,0.1245708680725846,0.006493506493506494,0.1987012987012987,7.803896103896104,7.765080922020599,0.07209416380578715,0.023376623376623377,0.01741049534085336,0.04155844155844156
RUS,2014,0.07038288288288289,0.15934684684684686,-0.04698581560283688,0.22606382978723405,7.430851063829787,7.708051801801802,0.07460585585585586,0.004432624113475178,0.010698198198198198,0.054078014184397165
RUS,2015,0.03801076971808679,0.18308520747545137,-0.007281553398058253,0.20792880258899676,7.440938511326861,7.57396262274311,0.07317073170731707,0.01699029126213592,0.024707000316756416,0.03964401294498382
RUS,2016,0.09447368421052632,0.19236842105263158,0.019674935842600515,0.19931565440547477,7.696321642429427,7.556578947368421,0.07684210526315789,0.020530367835757058,0.007105263157894737,0.06073567151411463
RUS,2017,NA,NA,0.010662604722010662,0.21325209444021326,7.638233054074639,NA,NA,0.008377760853008377,NA,0.04798172124904798
RUS,2018,0.08560379680084373,0.1727895939532431,NA,NA,NA,7.44559676568817,0.06415890314642292,NA,0.036737563719458605,NA
USA,1913,0.08978583196046129,0.1902800658978583,NA,NA,NA,7.438220757825371,0.048599670510708404,NA,0.009060955518945634,NA
USA,1914,0.07003610108303249,0.2606498194945848,NA,NA,NA,7.2245487364620935,0.04332129963898917,NA,0.02527075812274368,NA
USA,1915,0.05377961639714178,0.20646859721699887,NA,NA,NA,7.264385107183152,0.04813839789394509,NA,0.025949605114704778,NA
USA,1916,0.0377113133940182,0.18335500650195058,NA,NA,NA,7.771131339401821,0.045513654096228866,NA,0.010403120936280884,NA
USA,1917,-0.004626060138781804,0.36854279105628374,NA,NA,NA,7.0300693909020815,0.016191210485736313,NA,0.05088666152659985,NA
USA,1918,0.08172280508006627,0.26173384870237437,NA,NA,NA,7.264494754279403,0.048591938155715074,NA,0.030369961347321922,NA
USA,1919,0.03823047515019115,0.2381212452211906,NA,NA,NA,7.5122883670125615,0.08083014746040415,NA,0.02075368651010377,NA
USA,1920,0.056716417910447764,0.25771144278606967,NA,NA,NA,7.539303482587065,0.08159203980099503,NA,0.015920398009950248,NA
USA,1921,0.021709633649932156,0.23518769787426505,NA,NA,NA,7.742198100407055,0.06331976481230213,NA,0.013568521031207599,NA
USA,1922,-0.014861995753715499,0.2237791932059448,NA,NA,NA,7.657749469214437,0.0683651804670913,NA,0.018683651804670912,NA
USA,1923,0.08059701492537313,0.24402985074626865,NA,NA,NA,7.655597014925373,0.060074626865671645,NA,0.014552238805970149,NA
USA,1924,0.07155963302752294,0.21761467889908256,NA,NA,NA,7.731009174311927,0.06862385321100918,NA,0.02165137614678899,NA
USA,1925,0.07295930652540332,0.20635685046954008,NA,NA,NA,7.697808812906333,0.0638092944859138,NA,0.019985552612569228,NA
USA,1926,0.06660039761431412,0.21272365805168986,NA,NA,NA,7.6414015904572565,0.07007952286282307,NA,0.018886679920477135,NA
USA,1927,0.04593138644740573,0.2160476325489084,NA,NA,NA,7.618939608732634,0.08420754182024383,NA,0.017578678763821944,NA
USA,1928,0.07174621998221169,0.17906907797213165,NA,NA,NA,7.520308330862734,0.06700266824785057,NA,0.014527127186480878,NA
USA,1929,0.06163194444444445,0.1840277777777778,NA,NA,NA,7.744791666666667,0.0646701388888889,NA,0.017795138888888888,NA
USA,1930,0.030518819938962362,0.1536113936927772,NA,NA,NA,7.788911495422177,0.10427263479145472,NA,0.01017293997965412,NA
USA,1931,0.025937749401436554,0.2031125299281724,NA,NA,NA,7.879489225857941,0.10853950518754989,NA,0.012370311252992818,NA
USA,1932,0.0016120365394948952,0.19183234819989253,NA,NA,NA,7.3954862976894145,0.08382590005373455,NA,0.015583019881783988,NA
USA,1934,0.04138702460850112,0.24049217002237136,NA,NA,NA,7.411633109619687,0.08053691275167785,NA,0.011185682326621925,NA
USA,1935,0.054873646209386284,0.20216606498194944,NA,NA,NA,7.3740072202166065,0.04404332129963899,NA,0.012996389891696752,NA
USA,1936,0.07254623044096728,0.3186344238975818,NA,NA,NA,7.103840682788051,0.029871977240398292,NA,0.02844950213371266,NA
USA,1937,0.05711610486891386,0.20880149812734083,NA,NA,NA,7.614232209737827,0.031835205992509365,NA,0.018726591760299626,NA
USA,1938,-0.05116796440489433,0.25027808676307006,NA,NA,NA,7.338709677419355,0.10567296996662959,NA,0.01167964404894327,NA
USA,1939,0.02323991797676008,0.24743677375256323,NA,NA,NA,7.30827067669173,0.07997265892002735,NA,0.03827751196172249,NA
USA,1940,0.025466893039049237,0.2835314091680815,NA,NA,NA,7.061120543293718,0.039898132427843805,NA,0.0500848896434635,NA
USA,1941,0.0675,0.31083333333333335,NA,NA,NA,7.109166666666667,0.019166666666666665,NA,0.06333333333333334,NA
USA,1942,-0.05417607223476298,0.33559066967644846,NA,NA,NA,6.600451467268623,0.01730624529721595,NA,0.0797592174567344,NA
USA,1943,-0.02565597667638484,0.317201166180758,NA,NA,NA,6.752769679300291,0.018075801749271137,NA,0.06938775510204082,NA
USA,1944,-0.030716723549488054,0.3078498293515358,NA,NA,NA,6.879180887372014,0.039590443686006824,NA,0.06621160409556313,NA
USA,1945,-0.0049245921822099106,0.2917820867959372,NA,NA,NA,7.097568482610034,0.0317020621729763,NA,0.07663896583564174,NA
USA,1946,0.031198036265737587,0.18908860559030802,NA,NA,NA,7.323857787631641,0.1236044025655238,NA,0.033811069760076015,NA
USA,1947,0.03241106719367589,0.233201581027668,NA,NA,NA,7.466403162055336,0.08616600790513834,NA,0.041501976284584984,NA
USA,1948,0.10255198487712665,0.29064272211720227,NA,NA,NA,7.0259924385633274,0.09215500945179585,NA,0.02504725897920605,NA
USA,1949,0.11308677098150782,0.2581792318634424,NA,NA,NA,7.339260312944523,0.08463726884779517,NA,0.015647226173541962,NA
USA,1950,0.16758933064921994,0.303472571716155,NA,NA,NA,7.315551082033216,0.06592853548062405,NA,0.0206341217916457,NA
USA,1951,0.08777852802160702,0.32275489534098584,NA,NA,NA,6.856853477380149,0.022957461174881837,NA,0.07697501688048616,NA
USA,1952,0.09834368530020704,0.34679089026915116,NA,NA,NA,6.669254658385094,0.044513457556935816,NA,0.07246376811594203,NA
USA,1953,0.05790645879732739,0.26161841128433555,NA,NA,NA,7.20475129918337,0.04127691165553081,NA,0.03771343726800297,NA
USA,1954,0.1016949152542373,0.2071563088512241,NA,NA,NA,7.503954802259887,0.07796610169491526,NA,0.03653483992467043,NA
USA,1955,0.15072639225181597,0.2627118644067797,NA,NA,NA,7.60956416464891,0.06295399515738499,NA,0.04025423728813559,NA
USA,1956,0.10135869565217391,0.23559782608695654,NA,NA,NA,7.574184782608696,0.07255434782608695,NA,0.029347826086956522,NA
USA,1957,0.1171875,0.24888392857142858,NA,NA,NA,7.501116071428571,0.06473214285714286,NA,0.03850446428571429,NA
USA,1958,0.0975609756097561,0.2634146341463415,NA,NA,NA,7.320487804878049,0.04682926829268293,NA,0.07512195121951219,NA
USA,1959,0.12116858237547892,0.2753831417624521,NA,NA,NA,7.370689655172414,0.08093869731800767,NA,0.036877394636015325,NA
USA,1960,0.09912170639899624,0.2806357172731075,NA,NA,NA,7.424090338770389,0.05520702634880803,NA,0.03136762860727729,NA
USA,1961,0.09521105432519401,0.2349044103728942,NA,NA,NA,7.283929585462805,0.06871095968199886,NA,0.029907249668748817,NA
USA,1962,0.07825167430384208,0.2770532252379274,NA,NA,NA,7.00211491011632,0.08671131476912232,NA,0.028198801550934086,NA
USA,1963,0.06455921638468388,0.2711487088156723,NA,NA,NA,6.837488869100623,0.06188780053428317,NA,0.04363312555654497,NA
USA,1964,0.05859065716547902,0.2913697545526524,NA,NA,NA,6.811559778305622,0.08076009501187649,NA,0.026920031670625493,NA
USA,1965,0.08477611940298507,0.3176119402985075,NA,NA,NA,6.88,0.056716417910447764,NA,0.020895522388059702,NA
USA,1966,0.0352882703777336,0.31560636182902585,NA,NA,NA,6.855864811133201,0.04721669980119284,NA,0.04324055666003976,NA
USA,1967,0.032914201183431954,0.2843934911242604,NA,NA,NA,6.8798076923076925,0.0621301775147929,NA,0.04031065088757396,NA
USA,1968,0.04639435199193142,0.25718608169440244,NA,NA,NA,6.7725668179525975,0.07766011094301563,NA,0.03530005042864347,NA
USA,1969,0.07512060647829083,0.24603721571330117,NA,NA,NA,6.906960716747071,0.04686423156443832,NA,0.024810475534114404,NA
USA,1970,0.06699147381242387,0.3276492082825822,0.15459140690817186,0.2607413647851727,7.327716933445662,6.829476248477467,0.05237515225334957,0.02695871946082561,0.034713763702801465,0.02948609941027801
USA,1971,0.08280254777070063,0.2178343949044586,0.11017786561264822,0.25938735177865613,7.183300395256917,7.064968152866242,0.06369426751592357,0.011363636363636364,0.0070063694267515925,0.03359683794466403
USA,1972,0.05536089698668535,0.27960756832515765,0.03376304481276857,0.2461632903621854,7.193370165745856,7.063069376313945,0.07708479327259986,0.01596071209330878,0.02943237561317449,0.04665438919582566
USA,1973,0.10483870967741936,0.22096774193548388,0.10862068965517241,0.25689655172413794,7.25603448275862,7.264516129032258,0.056451612903225805,0.020689655172413793,0.02258064516129032,0.039655172413793106
USA,1974,0.07466814159292036,0.2627212389380531,0.03073661897191309,0.27980922098569155,7.2617912029676734,6.882743362831858,0.06305309734513274,0.051934287228404874,0.03816371681415929,0.05352411234764176
USA,1975,0.030353200883002206,0.18818984547461368,0.08937397034596375,0.2804777594728171,7.317957166392092,6.991169977924945,0.10485651214128035,0.009884678747940691,0.016556291390728478,0.05930807248764415
USA,1976,0.022944550669216062,0.2982791586998088,0.08391831525207402,0.26196553924696875,7.339502233567326,6.981357552581262,0.08891013384321224,0.02265475430759413,0.032982791586998086,0.042437779195915765
USA,1977,0.09321595028482652,0.2641118591403418,0.07741935483870968,0.27670250896057347,6.983512544802867,7.252718798549974,0.04971517348524081,0.01935483870967742,0.044536509580528225,0.1082437275985663
USA,1978,0.06217616580310881,0.30166954519286127,0.13444401394808214,0.25377760557923285,7.337853545137544,6.915371329879102,0.10420264824409903,0.04726850058117009,0.03281519861830743,0.03060829135993801
USA,1979,0.1499644633972992,0.34186211798152094,0.06427423674343867,0.24424209962506696,7.22710230316015,7.016346837242359,0.06538734896943853,0.05463310123192287,0.0511727078891258,0.035886448848419926
USA,1980,0.07714285714285714,0.30857142857142855,0.125,0.29857512953367876,7.224740932642487,6.933571428571429,0.04428571428571428,0.007772020725388601,0.07428571428571429,0.06217616580310881
USA,1981,0.08188900295911589,0.18974575759405762,0.1468994581577363,0.27453341360626127,7.6682721252257675,7.471526058336856,0.0698713690440244,0.09452137266706803,0.024457998671417357,0.01926550270921132
USA,1982,0.051675977653631286,0.24441340782122906,0.08649225840896957,0.3021890016017085,6.990923651895355,6.95391061452514,0.08472998137802606,0.025093432995194873,0.02094972067039106,0.04805125467164976
USA,1983,0.06943231441048035,0.27641921397379915,0.05966930265995687,0.32710280373831774,6.949676491732567,6.99650655021834,0.09082969432314411,0.005751258087706686,0.02576419213973799,0.08051761322789361
USA,1984,0.1644486692015209,0.33840304182509506,0.14534883720930233,0.30910852713178294,6.93265503875969,6.894961977186312,0.05655893536121673,0.015019379844961241,0.02899239543726236,0.05329457364341085
USA,1985,0.13793103448275862,0.3043240284619595,0.07849686847599165,0.2789144050104384,7.238830897703549,6.800766283524904,0.08374384236453201,0.029227557411273485,0.03393541324575807,0.05093945720250522
USA,1986,0.11242603550295859,0.3425378040762656,0.06142941523922032,0.28588304784406376,7.131718842291789,6.556870479947403,0.05325443786982249,0.02362669816893089,0.03155818540433925,0.07619610159480213
USA,1987,0.0807327001356852,0.2544097693351425,0.09176029962546817,0.28901373283395754,7.058052434456929,6.879240162822253,0.041383989145183174,0.035580524344569285,0.0203527815468114,0.048064918851435705
USA,1988,0.10071574642126789,0.2602249488752556,0.05206738131699847,0.33078101071975496,6.979070954568657,6.830777096114519,0.04959100204498978,0.011230219499744768,0.03169734151329243,0.0638080653394589
USA,1989,0.08421610169491525,0.2854872881355932,0.10693215339233038,0.3724188790560472,6.808997050147493,6.7701271186440675,0.0635593220338983,0.022123893805309734,0.029661016949152543,0.0612094395280236
USA,1990,0.1193502824858757,0.2379943502824859,0.09377817853922453,0.3011722272317403,6.872858431018936,6.536723163841808,0.04943502824858757,0.0063119927862939585,0.02401129943502825,0.04869251577998197
USA,1991,0.03871391076115486,0.34448818897637795,0.05506993006993007,0.3243006993006993,6.9729020979020975,7.011154855643045,0.05774278215223097,0.016608391608391608,0.04002624671916011,0.038461538461538464
USA,1992,0.025190392501464556,0.24428822495606328,0.1574750830564784,0.35415282392026576,7.287043189368771,6.484475688342121,0.08201523140011717,0.03122923588039867,0.02401874633860574,0.09568106312292358
USA,1993,0.03721881390593047,0.26462167689161553,0.06966403162055336,0.31867588932806323,7.041501976284585,6.733333333333333,0.130879345603272,0.025197628458498024,0.013087934560327199,0.06521739130434782
USA,1994,0.029753265602322207,0.2895500725689405,0.08071748878923767,0.33781763826606875,6.9857997010463375,6.6092162554426706,0.07111756168359942,0.025411061285500747,0.038461538461538464,0.07249626307922272
USA,1995,0.027009437032216074,0.2730231044581842,0.006613756613756613,0.30158730158730157,7.302248677248677,6.628376179629027,0.0683371298405467,0.0205026455026455,0.029938171168239505,0.09259259259259259
USA,1996,-0.008816120906801008,0.2884130982367758,0.028094820017559263,0.3037752414398595,6.8964003511852505,6.809403862300588,0.0654911838790932,0.010535557506584723,0.04030226700251889,0.10272168568920105
USA,1997,0.05635891731553578,0.23062662217278457,0.08282208588957055,0.3374233128834356,7.107361963190184,6.684464219503152,0.06562847608453838,0.02607361963190184,0.027437893956247683,0.0598159509202454
USA,1998,0.08636836628511967,0.2535553243149497,-0.04459203036053131,0.4146110056925996,6.964895635673624,6.698924731182796,0.07180020811654526,0.018026565464895637,0.026708289975719737,0.06641366223908918
USA,1999,0.07602534178059353,0.26075358452817604,0.013646702047005308,0.3457164518574678,7.0280515542077335,6.750583527842614,0.06868956318772924,0.05079605761940864,0.03267755918639546,0.05079605761940864
USA,2000,0.0764371446620341,0.27605811749842074,0.10204081632653061,0.28085519922254615,7.167152575315841,6.782691092861655,0.07770056854074542,0.019436345966958212,0.02874289324068225,0.03304178814382896
USA,2001,0.041063614944463145,0.3049478290138001,-0.1286266924564797,0.45551257253384914,6.901353965183753,6.813194210703466,0.06664422753281724,0.01644100580270793,0.04308313699091215,0.07736943907156674
USA,2002,-0.02031063321385902,0.35961768219832735,-0.043410852713178294,0.33178294573643413,6.917054263565891,6.765830346475508,0.04898446833930705,0.01317829457364341,0.07467144563918758,0.08062015503875969
USA,2003,-0.03928266438941076,0.3031596925704526,-0.06783719074221868,0.37270550678371905,6.881085395051875,6.802732707087959,0.03202391118701964,0.019952114924181964,0.0627668659265585,0.07023144453312051
USA,2004,0.011125945705384957,0.2906097018246551,0.053724928366762174,0.3631805157593123,6.992836676217765,6.766355140186916,0.0534045393858478,0.02005730659025788,0.04717400979083222,0.055873925501432664
USA,2005,0.08476146364057434,0.3080129689671144,0.11392405063291139,0.2683544303797468,7.310126582278481,6.857341361741547,0.04492820750347383,0.012658227848101266,0.048170449282075034,0.043037974683544304
USA,2006,0.0668693009118541,0.33782023447676945,0.05331040412725709,0.34909716251074807,7.004299226139295,6.851063829787234,0.04385584020842379,0.012897678417884782,0.03734259661311333,0.05331040412725709
USA,2007,0.01845342706502636,0.29876977152899825,0.03593339176161262,0.2953549517966696,7.10692375109553,6.6111599297012305,0.040421792618629174,0.03593339176161262,0.04745166959578207,0.021910604732690624
USA,2008,0.07972480777013355,0.26912181303116145,0.07285276073619631,0.3458588957055215,7.311349693251533,6.828004856333468,0.04734925131525698,0.016104294478527608,0.04734925131525698,0.05368098159509203
USA,2009,0.013605442176870748,0.28208616780045354,0.030454318522216674,0.29905142286570147,6.929605591612581,6.667573696145125,0.10657596371882086,0.021467798302546182,0.012698412698412698,0.05341987019470794
USA,2010,0.003713330857779428,0.2629038247307835,0.06984126984126984,0.2768253968253968,7.015873015873016,6.725956182695878,0.09394727070181953,0.02603174603174603,0.01968065354623097,0.05015873015873016
USA,2011,0.07817460317460317,0.22896825396825396,0.07670454545454546,0.34375,6.80625,6.714285714285714,0.0873015873015873,0.013636363636363636,0.016666666666666666,0.06534090909090909
USA,2012,0.006642066420664207,0.23985239852398524,0.013461538461538462,0.34423076923076923,6.841666666666667,6.57970479704797,0.1088560885608856,0.015384615384615385,0.01955719557195572,0.03653846153846154
USA,2013,0.06394248959515701,0.24782444192205827,-0.012400354295837024,0.3073516386182462,7.1014171833480955,6.649262202043133,0.09080590238365494,0.011957484499557131,0.025728339008702233,0.06111603188662533
USA,2014,0.05917159763313609,0.23224852071005916,-0.059020044543429843,0.32293986636971045,6.963251670378619,6.68491124260355,0.07507396449704141,0.01670378619153675,0.026997041420118342,0.06403118040089087
USA,2015,0.045098039215686274,0.2615686274509804,0.05345572354211663,0.31047516198704106,7.161987041036717,6.562352941176471,0.06509803921568627,0.02591792656587473,0.02627450980392157,0.03509719222462203
USA,2016,0.04552276138069034,0.28264132066033015,0.030288909599254427,0.28191985088536814,7.153308480894688,6.598299149574787,0.05952976488244122,0.041472506989748366,0.02801400700350175,0.025629077353215284
USA,2017,0.05263157894736842,0.29890764647467727,0.037745604963805586,0.37280248190279214,6.971561530506722,6.722939424031778,0.05908639523336644,0.02016546018614271,0.028798411122144985,0.042916235780765255
USA,2018,0.02666666666666667,0.28229885057471266,NA,NA,NA,6.64551724137931,0.04781609195402299,NA,0.030804597701149426,NA
ZAF,1970,NA,NA,0.06780923994038748,0.22727272727272727,7.670640834575261,NA,NA,0.01713859910581222,NA,0.01713859910581222
ZAF,1971,NA,NA,0.0907911802853437,0.1245136186770428,7.453955901426719,NA,NA,0.0324254215304799,NA,0.007782101167315175
ZAF,1972,NA,NA,0.023809523809523808,0.24603174603174602,7.720458553791887,NA,NA,0.023809523809523808,NA,0.0291005291005291
ZAF,1973,NA,NA,0.040983606557377046,0.19808743169398907,7.573770491803279,NA,NA,0.022540983606557378,NA,0.02185792349726776
ZAF,1984,NA,NA,0.061936936936936936,0.2511261261261261,7.802927927927928,NA,NA,0.037162162162162164,NA,0.037162162162162164
ZAF,1990,-0.003780718336483932,0.21172022684310018,NA,NA,NA,7.844517958412098,0.03827977315689981,NA,0.021739130434782608,NA
ZAF,1994,0.09278737791134485,0.23553719008264462,0.04483074107959744,0.28636779505946935,7.3449222323879235,7.63335837716003,0.051840721262208865,0.011893870082342177,0.016153268219383923,0.018298261665141813
ZAF,1995,0.04746317512274959,0.23567921440261866,0.11899313501144165,0.2334096109839817,7.526887871853547,7.638707037643208,0.03518821603927987,0.031464530892448515,0.018821603927986905,0.036041189931350116
ZAF,1996,0.0722753346080306,0.2344168260038241,0.12126865671641791,0.23880597014925373,7.650186567164179,7.534225621414914,0.05965583173996176,0.027985074626865673,0.020650095602294454,0.061567164179104475
ZAF,1997,0.075516693163752,0.22257551669316375,0.04899777282850779,0.24944320712694878,7.9257609502598365,7.57670906200318,0.05842607313195548,0.025241276911655532,0.021860095389507155,0.04899777282850779
ZAF,1998,0.025221540558963872,0.2365371506475801,0.02237354085603113,0.3239299610894942,7.400778210116732,7.369461486025903,0.054533060668029994,0.03696498054474708,0.01772324471710975,0.04961089494163424
ZAF,1999,0.051966014621616284,0.2357241651847461,0.05426356589147287,0.24473975636766335,7.623477297895903,7.433313574392413,0.05394190871369295,0.029900332225913623,0.018178225647105316,0.036544850498338874
ZAF,2000,0.06370967741935483,0.22741935483870968,-0.0070921985815602835,0.3723404255319149,7.301418439716312,7.408944399677679,0.08098307816277196,0.031914893617021274,0.008058017727639,0.028368794326241134
ZAF,2001,0.061501868841318384,0.20625212368331636,0.03723404255319149,0.2845744680851064,7.42154255319149,7.450220863064899,0.09242269792728508,0.023936170212765957,0.017329255861365953,0.05319148936170213
ZAF,2002,0.08199591479428071,0.1841260577764809,0.14375,0.26875,7.565625,7.378465129851182,0.05515027721038809,0.0453125,0.011672016340822877,0.021875
ZAF,2003,0.09022931206380858,0.20139581256231306,0.041749502982107355,0.25646123260437376,7.420477137176938,7.445912263210369,0.06480558325024925,0.017892644135188866,0.02318045862412762,0.014910536779324055
ZAF,2004,0.07909715407262022,0.20471050049067713,-0.0455607476635514,0.3282710280373832,7.253504672897196,7.367811579980373,0.061040235525024536,0.01985981308411215,0.011383709519136408,0.04789719626168224
ZAF,2005,0.0990990990990991,0.20926640926640927,0.014192139737991267,0.35043668122270744,7.149563318777292,7.275418275418275,0.055341055341055344,0.026200873362445413,0.014929214929214929,0.039301310043668124
ZAF,2006,0.07667915825886423,0.23753243009512828,-0.016867469879518072,0.3397590361445783,7.29277108433735,7.231190544825598,0.05823003747477659,0.04939759036144578,0.01153070049005477,0.00963855421686747
ZAF,2007,0.061178731582319026,0.19762972453555414,0.01858736059479554,0.24907063197026022,7.550185873605948,7.454196028187059,0.0566944266495836,0.06815365551425032,0.014734144778987828,0.008674101610904586
ZAF,2008,0.061237576146200706,0.19781981404296248,0.10625,0.22083333333333333,7.348958333333333,7.452388586085283,0.05674895799935877,0.03958333333333333,0.014748316768194934,0.020833333333333332
ZAF,2009,0.08669001751313485,0.22259194395796847,0.04782608695652174,0.26521739130434785,7.766666666666667,7.366900175131349,0.06164623467600701,0.036231884057971016,0.011733800350262696,0.030434782608695653
ZAF,2010,0.11150353178607467,0.2325933400605449,0.16541353383458646,0.21804511278195488,7.533834586466165,7.186680121089808,0.07013118062563067,0.017543859649122806,0.007063572149344097,0.03884711779448621
ZAF,2011,0.09659318637274548,0.1695390781563126,0.040995607613469986,0.31332357247437775,7.32796486090776,7.302204408817635,0.06933867735470942,0.007320644216691069,0.016833667334669337,0.036603221083455345
ZAF,2012,0.05441400304414003,0.13508371385083714,0.12242798353909465,0.2911522633744856,7.343621399176954,7.174657534246576,0.07800608828006088,0.018518518518518517,0.004946727549467275,0.051440329218107
ZAF,2013,0.03772906934962271,0.18361480416816386,0.12738853503184713,0.2611464968152866,7.6528662420382165,7.216672655407833,0.0643190801293568,0.05732484076433121,0.016169601149838304,0.025477707006369428
ZAF,2014,0.06002377179080824,0.16818541996830427,0.07585335018963338,0.3034134007585335,7.304677623261694,7.309627575277338,0.07349445324881142,0.03034134007585335,0.011093502377179081,0.025284450063211124
ZAF,2015,0.08339510748702743,0.16716085989621943,0.07455268389662027,0.23757455268389663,7.404572564612326,7.144180874722016,0.072646404744255,0.018886679920477135,0.013713862120088955,0.039761431411530816
ZAF,2016,0.06436233611442194,0.15335717123559794,0.03905160390516039,0.22873082287308227,7.543933054393306,7.224473579658324,0.08780294000794597,0.05578800557880056,0.010727056019070322,0.040446304044630406
ZAF,2017,0.04880694143167028,0.15220535068691252,0.07200929152148665,0.29965156794425085,7.427409988385598,7.313087490961678,0.06471438900939985,0.04065040650406504,0.012653651482284888,0.04994192799070848
ZAF,2018,0.10951979780960404,0.22240943555181128,NA,NA,NA,7.462510530749789,0.08593091828138164,NA,0.007160909856781803,NA
