country,year,sotu_sent_pn,sotu_sent_ab,ungd_sent_pn,ungd_sent_ab,sotu_econ,ungd_econ,sotu_secu,ungd_secu,ungd_moral,sotu_moral,ungd_enviro,sotu_enviro
CHN,1956,0.020621827411167512,0.16671954314720813,NA,NA,0.07090736040609137,NA,0.015387055837563451,NA,NA,0.02260469543147208,NA,7.931472081218274e-4
CHN,1969,-0.0561318743782862,0.17351143953389228,NA,NA,0.022168537729145944,NA,0.024300127895409977,NA,NA,0.04803183174648288,NA,8.526360665056132e-4
CHN,1971,NA,NA,-0.04216867469879518,0.3089500860585198,NA,0.020654044750430294,NA,0.04130808950086059,0.03614457831325301,NA,0.0025817555938037868,NA
CHN,1972,NA,NA,-0.011802575107296138,0.26645207439198854,NA,0.015021459227467811,NA,0.1044349070100143,0.007868383404864092,NA,0.00178826895565093,NA
CHN,1973,-0.027131782945736434,0.19638242894056848,0.004680708793045804,0.25275827482447344,0.02099483204134367,0.014376462721497826,0.01937984496124031,0.06552992310264126,0.008692744901370779,0.030361757105943153,0,9.689922480620155e-4
CHN,1974,NA,NA,-0.010858500169664066,0.24160162877502545,NA,0.021038344078724125,NA,0.053953172718018326,0.017984390906006106,NA,0.0013573125212080082,NA
CHN,1975,NA,NA,0.011807149885208265,0.27681206953099374,NA,0.029189898327320433,NA,0.06461134798294522,0.014102984585109873,NA,3.2797638570022957e-4,NA
CHN,1976,NA,NA,0.05269761606022585,0.27728983688833125,NA,0.01191969887076537,NA,0.03638644918444166,0.02070263488080301,NA,0.0018820577164366374,NA
CHN,1977,-0.04039142202789923,0.1867582760774516,0.017361111111111112,0.35555555555555557,0.02467207995003123,0.012152777777777778,0.02633770560066625,0.058333333333333334,0.015625,0.036956069123464504,3.4722222222222224e-4,6.246096189881324e-4
CHN,1978,NA,NA,0.038346613545816734,0.35806772908366535,NA,0.02390438247011952,NA,0.07768924302788845,0.009462151394422311,NA,9.9601593625498e-4,NA
CHN,1979,NA,NA,0.06070889894419306,0.2944947209653092,NA,0.02865761689291101,NA,0.06636500754147813,0.01282051282051282,NA,7.541478129713424e-4,NA
CHN,1980,NA,NA,-0.0019408054342552159,0.2726831635128578,NA,0.015526443474041727,NA,0.06404657933042213,0.008248423095584668,NA,0,NA
CHN,1981,NA,NA,0.028751753155680224,0.26297335203366057,NA,0.03155680224403927,NA,0.04908835904628331,0.0091164095371669,NA,7.012622720897616e-4,NA
CHN,1982,0.02996214169821525,0.1857220118983234,0.07519640852974187,0.25925925925925924,0.05927528393726338,0.03254769921436588,0.014494321254732288,0.06172839506172839,0.016835016835016835,0.03061114115738237,5.611672278338945e-4,5.408328826392645e-4
CHN,1983,NA,NA,0.08543489449305199,0.28409675759135355,NA,0.028306742151312403,NA,0.08440555841482245,0.007720020586721565,NA,0.002058672156459084,NA
CHN,1984,NA,NA,0.034404708012675415,0.27976459936622905,NA,0.04798551380715256,NA,0.08963331824354911,0.006790402897238569,NA,4.526935264825713e-4,NA
CHN,1985,NA,NA,0.05322128851540616,0.30196078431372547,NA,0.048179271708683476,NA,0.09803921568627451,0.007282913165266107,NA,5.602240896358543e-4,NA
CHN,1986,NA,NA,0.08036739380022963,0.2893226176808266,NA,0.05166475315729047,NA,0.07921928817451206,0.02066590126291619,NA,0.001722158438576349,NA
CHN,1987,0.07493118564583545,0.1452747476807014,0.08045433033601515,0.26975863700899194,0.09287389132429402,0.04779933743492665,0.0088694056478744,0.08471367723615712,0.008991954566966399,0.023651748394331738,0.001419782300047326,0.0018350494443878072
CHN,1988,NA,NA,0.08516483516483517,0.2917582417582418,NA,0.0510989010989011,NA,0.07032967032967033,0.017582417582417582,NA,0.0027472527472527475,NA
CHN,1989,NA,NA,0.10145739910313901,0.24047085201793722,NA,0.032511210762331835,NA,0.04596412556053812,0.013452914798206279,NA,0.002242152466367713,NA
CHN,1990,NA,NA,0.11050583657587548,0.28326848249027237,NA,0.03501945525291829,NA,0.060700389105058365,0.010116731517509728,NA,0.010894941634241245,NA
CHN,1991,NA,NA,0.10226155358898721,0.2359882005899705,NA,0.048180924287118974,NA,0.051622418879056046,0.032448377581120944,NA,0.00983284169124877,NA
CHN,1992,0.10227004019862852,0.1753369590919839,0.11454311454311454,0.28442728442728443,0.08122487585717664,0.07786357786357787,0.014424213762118705,0.06177606177606178,0.014157014157014158,0.026483802317332703,0.0032175032175032173,0.002955781508630882
CHN,1993,NA,NA,0.054775280898876406,0.28370786516853935,NA,0.0625,NA,0.07935393258426966,0.009129213483146067,NA,0.0049157303370786515,NA
CHN,1994,NA,NA,0.08326394671107411,0.21648626144879268,NA,0.05995004163197336,NA,0.07826810990840966,0.025811823480432972,NA,0.005828476269775187,NA
CHN,1995,NA,NA,0.11001788908765653,0.29427549194991054,NA,0.049194991055456175,NA,0.07513416815742398,0.013416815742397137,NA,0.0026833631484794273,NA
CHN,1996,NA,NA,0.07629629629629629,0.2288888888888889,NA,0.07555555555555556,NA,0.05333333333333334,0.012592592592592593,NA,0.007407407407407408,NA
CHN,1997,0.11014672452986154,0.1717296962182269,0.12007332722273144,0.23373052245646195,0.06984914238479024,0.04857928505957837,0.01622235999173383,0.06049495875343722,0.034830430797433545,0.030998140111593304,0.00458295142071494,0.0026865054763380862
CHN,1998,NA,NA,0.11236660389202763,0.23540489642184556,NA,0.044569993722536096,NA,0.0696798493408663,0.032015065913371,NA,0.004394224733207784,NA
CHN,1999,NA,NA,0.07032348804500703,0.26863572433192684,NA,0.04571026722925457,NA,0.058368495077355836,0.03164556962025317,NA,0.004922644163150493,NA
CHN,2000,NA,NA,0.1156515034695451,0.2189668465690054,NA,0.04394757131842714,NA,0.03932151117964534,0.03855050115651504,NA,0.002313030069390902,NA
CHN,2001,NA,NA,0.13696808510638298,0.24601063829787234,NA,0.043882978723404256,NA,0.0598404255319149,0.013297872340425532,NA,0.0026595744680851063,NA
CHN,2002,0.14927965668744253,0.18524573413712067,0.10105757931844889,0.199764982373678,0.07806273628282416,0.05992949471210341,0.018085215081230205,0.07755581668625147,0.01527614571092832,0.02687238173086748,0.004700352526439483,0.003269643404516195
CHN,2003,NA,NA,0.13896987366375121,0.24392614188532555,NA,0.057337220602526724,NA,0.037900874635568516,0.026239067055393587,NA,0.009718172983479106,NA
CHN,2004,NA,NA,0.1523046092184369,0.2925851703406814,NA,0.06012024048096192,NA,0.08617234468937876,0.01503006012024048,NA,0.004008016032064128,NA
CHN,2005,NA,NA,0.12461695607763024,0.2226762002042901,NA,0.06332992849846783,NA,0.04290091930541369,0.015321756894790603,NA,0.005107252298263534,NA
CHN,2006,NA,NA,0.23593287265547877,0.3010858835143139,NA,0.054294175715695954,NA,0.054294175715695954,0.027640671273445213,NA,0.0019743336623889436,NA
CHN,2007,0.16698601264610077,0.20741521364246024,0.20675105485232068,0.2607594936708861,0.07913393370377467,0.060759493670886074,0.01839432841540525,0.03713080168776371,0.015189873417721518,0.028741138149070703,0.012658227848101266,0.004981797279172255
CHN,2008,NA,NA,0.1551155115511551,0.2871287128712871,NA,0.066006600660066,NA,0.03135313531353135,0.018151815181518153,NA,0.0049504950495049506,NA
CHN,2009,NA,NA,0.1364190012180268,0.292326431181486,NA,0.12423873325213154,NA,0.06211936662606577,0.013398294762484775,NA,0.014616321559074299,NA
CHN,2010,NA,NA,0.1977401129943503,0.24858757062146894,NA,0.1115819209039548,NA,0.018361581920903956,0.02824858757062147,NA,0.005649717514124294,NA
CHN,2011,NA,NA,0.15701325889741802,0.27145847871598044,NA,0.09839497557571528,NA,0.030006978367062107,0.013258897418004187,NA,0.0027913468248429866,NA
CHN,2012,0.1700547993636203,0.21742973307406752,0.1574750830564784,0.26245847176079734,0.07168110305815803,0.06710963455149502,0.01900300512639208,0.038538205980066444,0.011295681063122924,0.03402863708679512,0.0033222591362126247,0.00618702492487184
CHN,2013,NA,NA,0.13945578231292516,0.23129251700680273,NA,0.070578231292517,NA,0.03231292517006803,0.012755102040816327,NA,0.005952380952380952,NA
CHN,2014,NA,NA,0.11495246326707001,0.31201382886776147,NA,0.020743301642178046,NA,0.06568712186689715,0.01901469317199654,NA,0.00950734658599827,NA
CHN,2015,NA,NA,0.16180904522613065,0.3306532663316583,NA,0.05025125628140704,NA,0.044221105527638194,0.022110552763819097,NA,0.004020100502512563,NA
CHN,2016,NA,NA,0.14285714285714285,0.2670807453416149,NA,0.10913930789707187,NA,0.032830523513753325,0.012422360248447204,NA,0.006211180124223602,NA
CHN,2017,0.16499595796281324,0.2299919159256265,0.18498659517426275,0.26005361930294907,0.0534357316087308,0.04289544235924933,0.019401778496362168,0.044682752457551385,0.020554066130473638,0.029426030719482618,0.002680965147453083,0.004122877930476961
GHA,1970,NA,NA,0.0878105141536684,0.2553437319468515,NA,0.07047949162333911,NA,0.019641825534373193,0.00924321201617562,NA,0.0017331022530329288,NA
GHA,1971,NA,NA,0.10238353196099675,0.2659804983748646,NA,0.06121343445287107,NA,0.024918743228602384,0.011917659804983749,NA,0.0016251354279523294,NA
GHA,1972,NA,NA,0.06594594594594595,0.2518918918918919,NA,0.053513513513513515,NA,0.025945945945945945,0.01783783783783784,NA,0.005405405405405406,NA
GHA,1973,NA,NA,0.02735810534912209,0.27480604328297265,NA,0.035524703960800326,NA,0.03511637403021641,0.02490812576561862,NA,0.0032666394446712946,NA
GHA,1974,NA,NA,0.043593833067517275,0.2817650186071239,NA,0.028708133971291867,NA,0.03880914407230197,0.023923444976076555,NA,0,NA
GHA,1975,NA,NA,0.06988120195667366,0.2613556953179595,NA,0.017470300489168415,NA,0.019566736547868623,0.009783368273934312,NA,6.988120195667365e-4,NA
GHA,1976,NA,NA,0.041103017689906346,0.27419354838709675,NA,0.03590010405827263,NA,0.03433922996878252,0.018210197710718003,NA,0.004162330905306972,NA
GHA,1977,NA,NA,0.06728160607704829,0.26370048833423765,NA,0.032013022246337494,NA,0.03581117742810635,0.010309278350515464,NA,0.0010851871947911015,NA
GHA,1978,NA,NA,0.02731958762886598,0.272680412371134,NA,0.031958762886597936,NA,0.04020618556701031,0.009278350515463918,NA,5.154639175257732e-4,NA
GHA,1979,NA,NA,0.03194726166328601,0.22768762677484786,NA,0.0603448275862069,NA,0.016734279918864097,0.016227180527383367,NA,0.002535496957403651,NA
GHA,1980,NA,NA,0.06873760740251157,0.3146067415730337,NA,0.029742233972240583,NA,0.046926635822868476,0.01982815598149372,NA,0,NA
GHA,1981,NA,NA,0.04955223880597015,0.3194029850746269,NA,0.03940298507462687,NA,0.03462686567164179,0.01791044776119403,NA,0.0029850746268656717,NA
GHA,1982,NA,NA,0.014011799410029498,0.28982300884955753,NA,0.059734513274336286,NA,0.038348082595870206,0.012536873156342183,NA,0,NA
GHA,1983,NA,NA,0.00245398773006135,0.30920245398773005,NA,0.046012269938650305,NA,0.048466257668711654,0.013496932515337423,NA,0.001226993865030675,NA
GHA,1984,NA,NA,0.04105775922059847,0.2874043145441893,NA,0.04801670146137787,NA,0.04523312456506611,0.022964509394572025,NA,0,NA
GHA,1985,NA,NA,0.015041782729805013,0.30362116991643456,NA,0.02841225626740947,NA,0.043454038997214485,0.016713091922005572,NA,5.571030640668524e-4,NA
GHA,1986,NA,NA,0.02336448598130841,0.2908878504672897,NA,0.04497663551401869,NA,0.037383177570093455,0.013434579439252336,NA,0.0029205607476635513,NA
GHA,1987,NA,NA,0.02704443013522215,0.25627817128139085,NA,0.05730843528654218,NA,0.031551835157759174,0.013522215067611075,NA,6.43915003219575e-4,NA
GHA,1988,NA,NA,0.040948275862068964,0.27227011494252873,NA,0.0603448275862069,NA,0.034482758620689655,0.010057471264367816,NA,7.183908045977011e-4,NA
GHA,1989,NA,NA,0.034597471723220224,0.2860944777112442,NA,0.07252162341982701,NA,0.036593479707252165,0.007318695941450432,NA,0.005988023952095809,NA
GHA,1990,NA,NA,0.049529780564263326,0.25517241379310346,NA,0.0664576802507837,NA,0.02946708463949843,0.026332288401253918,NA,0.003761755485893417,NA
GHA,1991,NA,NA,0.04025423728813559,0.259180790960452,NA,0.0769774011299435,NA,0.05084745762711865,0.01059322033898305,NA,0.009180790960451978,NA
GHA,1992,NA,NA,-0.002748763056624519,0.33699835074216605,NA,0.034084661902144035,NA,0.056074766355140186,0.020890599230346345,NA,0.006047278724573941,NA
GHA,1993,NA,NA,0.06147540983606557,0.29918032786885246,NA,0.028688524590163935,NA,0.05901639344262295,0.019672131147540985,NA,0.004098360655737705,NA
GHA,1994,NA,NA,0.079476861167002,0.306841046277666,NA,0.039235412474849095,NA,0.060362173038229376,0.02414486921529175,NA,0.006036217303822937,NA
GHA,1995,NA,NA,0.11565420560747663,0.316588785046729,NA,0.026869158878504672,NA,0.04789719626168224,0.012850467289719626,NA,0.004672897196261682,NA
GHA,1996,NA,NA,0.08063175394846218,0.228595178719867,NA,0.03325020781379884,NA,0.06650041562759768,0.015793848711554447,NA,0.004987531172069825,NA
GHA,1997,NA,NA,0.050199203187251,0.2685258964143426,NA,0.055776892430278883,NA,0.04462151394422311,0.010358565737051793,NA,0.0031872509960159364,NA
GHA,1998,NA,NA,0.05752636625119847,0.2665388302972196,NA,0.037392138063279005,NA,0.040268456375838924,0.03547459252157239,NA,0.003835091083413231,NA
GHA,1999,NA,NA,0.041928721174004195,0.2278127183787561,NA,0.037037037037037035,NA,0.0517120894479385,0.027253668763102725,NA,0.001397624039133473,NA
GHA,2000,NA,NA,0.10689388071262587,0.2525174283501162,NA,0.043343653250773995,NA,0.04721362229102167,0.025541795665634675,NA,0.009287925696594427,NA
GHA,2001,NA,NA,0.1261682242990654,0.2538940809968847,NA,0.06386292834890965,NA,0.06542056074766354,0.03426791277258567,NA,0.00778816199376947,NA
GHA,2002,NA,NA,0.07294429708222812,0.2639257294429708,NA,0.058355437665782495,NA,0.010610079575596816,0.03183023872679045,NA,0.006631299734748011,NA
GHA,2003,NA,NA,0.08713692946058091,0.2752420470262794,NA,0.04702627939142462,NA,0.03872752420470263,0.024896265560165973,NA,0,NA
GHA,2004,NA,NA,0.04888888888888889,0.24888888888888888,NA,0.04888888888888889,NA,0.034444444444444444,0.03111111111111111,NA,0.0033333333333333335,NA
GHA,2005,NA,NA,0.0783132530120482,0.25903614457831325,NA,0.05421686746987952,NA,0.02710843373493976,0.03313253012048193,NA,0,NA
GHA,2006,NA,NA,0.10778443113772455,0.26047904191616766,NA,0.025449101796407185,NA,0.05089820359281437,0.020958083832335328,NA,0,NA
GHA,2007,NA,NA,0.09350649350649351,0.24155844155844156,NA,0.05194805194805195,NA,0.03896103896103896,0.015584415584415584,NA,0.003896103896103896,NA
GHA,2008,0.08794674141555711,0.16082690960056062,0.10801963993453355,0.2225859247135843,0.08023826208829712,0.08346972176759411,0.003854239663629993,0.009819967266775777,0.024549918166939442,0.007708479327259986,0.006546644844517185,0.009810791871058164
GHA,2009,NA,NA,0.08190709046454768,0.30684596577017115,NA,0.09290953545232274,NA,0.02567237163814181,0.018337408312958436,NA,0.008557457212713936,NA
GHA,2010,NA,NA,0.05322128851540616,0.29971988795518206,NA,0.06582633053221289,NA,0.028011204481792718,0.008403361344537815,NA,0.00980392156862745,NA
GHA,2011,0.051929824561403506,0.16140350877192983,0.13658536585365855,0.24146341463414633,0.07508771929824562,0.03902439024390244,0.016140350877192983,0.04878048780487805,0.02926829268292683,0.010175438596491228,0.015853658536585366,0.009122807017543859
GHA,2012,0.06102494942683749,0.16217127444369522,0.10801781737193764,0.27728285077951004,0.07383681726230613,0.043429844097995544,0.013823331085637222,0.034521158129175944,0.025612472160356347,0.0070802427511800405,0.0066815144766146995,0.008428860418071477
GHA,2013,0.08814251252551494,0.1838931156058638,0.052915766738660906,0.2408207343412527,0.07311189460011133,0.05399568034557235,0.011133791055854518,0.0367170626349892,0.03023758099352052,0.013360549267025422,0.0032397408207343412,0.00946372239747634
GHA,2014,0.061218243036424855,0.14304662789511274,0.04766269477543538,0.25481209899175067,0.08784817875726966,0.03941338221814849,0.006734006734006734,0.03299725022914757,0.01924839596700275,0.010407101316192225,0.008249312557286892,0.006631976328946026
GHA,2015,0.062066613618278955,0.13754689098556325,0.036251105216622455,0.21308576480990274,0.06365806524951688,0.03801945181255526,0.006706831874502672,0.020335985853227233,0.022104332449160036,0.0072752074570876435,0.007957559681697613,0.008184608389223599
GHA,2016,0.04601042502004812,0.1308139534883721,0.08132147395171538,0.25921219822109276,0.06896551724137931,0.04955527318932656,0.007317562149157979,0.032401524777636595,0.01905972045743329,0.009522854851643945,0.010800508259212199,0.007618283881315156
GHA,2017,0.0774935113088617,0.19985168705969597,0.11885895404120443,0.2583201267828843,0.08490915832406377,0.03645007923930269,0.012977382276603633,0.020602218700475437,0.022187004754358162,0.011865035224323322,0.006339144215530904,0.00482017055988135
GHA,2018,0.082291363768537365,0.20383832509450422,NA,NA,0.05931956964233789,NA,0.01279441698168072,NA,NA,0.006687990694969468,NA,0.00639720849084036
PHL,1935,0.05843801201529219,0.21900600764609504,NA,NA,0.026215182960131075,NA,0.04860731840524304,NA,NA,0.010922992900054615,NA,0
PHL,1936,0.05056980056980057,0.16809116809116809,NA,NA,0.07763532763532764,NA,0.014957264957264958,NA,NA,0.00819088319088319,NA,7.122507122507123e-4
PHL,1937,0.10693359375,0.20166015625,NA,NA,0.04296875,NA,0.005859375,NA,NA,0.0205078125,NA,0.00244140625
PHL,1938,0.02682701202590194,0.20259019426456984,NA,NA,0.15541165587419056,NA,0.0037002775208140612,NA,NA,0.011100832562442183,NA,9.250693802035153e-4
PHL,1939,0.10303030303030303,0.18484848484848485,NA,NA,0.0898989898989899,NA,0.013636363636363636,NA,NA,0.011616161616161616,NA,0.0035353535353535356
PHL,1940,0.019279128248113998,0.16848281642917015,NA,NA,0.08507963118189438,NA,0.006705783738474434,NA,NA,0.006286672254819782,NA,0.0016764459346186086
PHL,1941,0.04419889502762431,0.13303867403314917,NA,NA,0.08353591160220994,NA,0.010607734806629835,NA,NA,0.0061878453038674034,NA,0.0037569060773480663
PHL,1945,0.03405405405405405,0.27297297297297296,NA,NA,0.00972972972972973,NA,0.03945945945945946,NA,NA,0.015135135135135135,NA,0.002162162162162162
PHL,1946,0.008830497523153133,0.1949170794744777,NA,NA,0.0814128796037045,NA,0.03015291837174241,NA,NA,0.005815205685978893,NA,0.002153779883695886
PHL,1947,0.05566218809980806,0.1854126679462572,NA,NA,0.06852207293666027,NA,0.031861804222648754,NA,NA,0.0049904030710172746,NA,0.0024952015355086373
PHL,1948,0.04673762147154095,0.2156409069875058,NA,NA,0.0900046274872744,NA,0.026839426191577972,NA,NA,0.00971772327626099,NA,0.0016196205460434984
PHL,1949,0.084491587417703,0.1964155084125823,NA,NA,0.09948792977322604,NA,0.015362106803218726,NA,NA,0.005852231163130944,NA,0.002560351133869788
PHL,1950,0.03561887800534283,0.16028495102404275,NA,NA,0.09795191451469279,NA,0.019590382902938557,NA,NA,0.007123775601068566,NA,0.003561887800534283
PHL,1951,0.07892882311486962,0.2339675828047921,NA,NA,0.07258632840028188,NA,0.0408738548273432,NA,NA,0.012684989429175475,NA,0.004228329809725159
PHL,1952,0.047067088162978575,0.19880576044959605,NA,NA,0.08148928696873903,NA,0.020021074815595362,NA,NA,0.010186160871092378,NA,0.007024938531787847
PHL,1953,0.054312145628170695,0.1378692927484333,NA,NA,0.11787526111608475,NA,0.013130408833184124,NA,NA,0.008355714712026261,NA,0.0026857654431512983
PHL,1954,0.06045156591405681,0.2381646030589949,NA,NA,0.10633648943918426,NA,0.009468317552804079,NA,NA,0.014566642388929352,NA,0.003641660597232338
PHL,1955,0.09893871961656966,0.17699418007531667,NA,NA,0.11297500855871277,NA,0.013009243409791168,NA,NA,0.010612803834303321,NA,0.003423485107839781
PHL,1956,0.09325210871602624,0.1429240862230553,NA,NA,0.1148078725398313,NA,0.005623242736644799,NA,NA,0.00937207122774133,NA,0.004686035613870665
PHL,1957,0.09327266818329542,0.13617159571010726,NA,NA,0.11472213194670133,NA,0.012999675008124796,NA,NA,0.011049723756906077,NA,0.004549886252843679
PHL,1958,0.05467625899280575,0.13381294964028778,NA,NA,0.10767386091127099,NA,0.01079136690647482,NA,NA,0.005995203836930456,NA,0.004796163069544364
PHL,1959,0.0586427051312367,0.16174036415228185,NA,NA,0.10829983447623552,NA,0.011113738472452117,NA,NA,0.005675100496571293,NA,0.0023646252069047056
PHL,1960,0.09859604339502234,0.15603063178047225,NA,NA,0.10465858328015316,NA,0.009891512444160817,NA,NA,0.006062539885130823,NA,0.004148053605615826
PHL,1961,0.08053166536356529,0.16497263487099295,NA,NA,0.10815741464685953,NA,0.01198853270784467,NA,NA,0.005994266353922335,NA,0.003127443315089914
PHL,1962,0.07875833760903027,0.15315546434068752,NA,NA,0.13622370446382762,NA,0.002052334530528476,NA,NA,0.008978963571062083,NA,0.004104669061056952
PHL,1963,0.07237838747685575,0.17875778488469954,NA,NA,0.0915670762497896,NA,0.012287493687931325,NA,NA,0.011614206362565225,NA,0.00235650563878135
PHL,1964,0.1407907425265188,0.36065573770491804,NA,NA,0.0665380906460945,NA,0.009643201542912247,NA,NA,0.019286403085824494,NA,0.0019286403085824494
PHL,1965,0.07297003570874087,0.14904517931998137,NA,NA,0.09191119391398851,NA,0.008383791336748951,NA,NA,0.009315323707498836,NA,0.0020183201366247476
PHL,1966,0.024263431542461005,0.2391681109185442,NA,NA,0.07163489312536106,NA,0.01848642403235124,NA,NA,0.00924321201617562,NA,0.0028885037550548816
PHL,1967,0.03948772678762007,0.18951059612745846,NA,NA,0.10809574630279006,NA,0.011587132184784266,NA,NA,0.0086903491385882,NA,0.0021344717182497333
PHL,1968,0.06334841628959276,0.13725490196078433,NA,NA,0.10960281548516843,NA,0.01608848667672197,NA,NA,0.005027652086475616,NA,0.0047762694821518355
PHL,1969,0.02545564090977557,0.15710197318873323,NA,NA,0.09188130742581714,NA,0.013255008284380178,NA,NA,0.011146256966410605,NA,0.0022593764121102574
PHL,1970,0.05052099778970635,0.18882222923902747,0.045278137128072445,0.2652005174644243,0.08509630565203663,0.028460543337645538,0.023365961477739186,0.02457956015523933,0.031047865459249677,0.010262077676034102,0.0038809831824062097,0.001420903062835491
PHL,1971,0.03823921742996887,0.15236401363568994,0.06443514644351464,0.18326359832635983,0.10286053060619535,0.04100418410041841,0.007114273010226767,0.01882845188284519,0.012552301255230125,0.011857121683711279,0.0029288702928870294,8.892841262783459e-4
PHL,1972,0.020371091215777865,0.1623199688594784,0.09583333333333334,0.2635416666666667,0.09251329959776826,0.033854166666666664,0.02089009990917348,0.027083333333333334,0.019270833333333334,0.008563643441027637,0.005208333333333333,0.004671078240560529
PHL,1973,0.02238209432454037,0.1606714628297362,0.09358417752050169,0.23347805113362277,0.09632294164668265,0.03135552339604438,0.010391686650679457,0.025566811384466957,0.027496382054992764,0.015187849720223821,0.003859141341051616,0.004396482813749001
PHL,1974,0.013447782546494993,0.1759656652360515,0.022637795275590553,0.21358267716535434,0.05779685264663805,0.050688976377952756,0.0240343347639485,0.021161417322834646,0.023622047244094488,0.01602288984263233,9.84251968503937e-4,8.583690987124463e-4
PHL,1975,0.015378221113881962,0.20989193682460516,0.1041041041041041,0.21421421421421422,0.06899418121363259,0.06406406406406406,0.01371571072319202,0.014014014014014014,0.026026026026026026,0.011637572734829594,0,0.0016625103906899418
PHL,1976,0.04066985645933014,0.14413875598086123,0.04304828388598022,0.2571262361838278,0.09419856459330143,0.02675974403723095,0.011363636363636364,0.03606748109365911,0.013379872018615475,0.010466507177033494,0.0017452006980802793,0.0029904306220095694
PHL,1977,0.042354934349851756,0.17619652689538332,0.09914712153518124,0.2420042643923241,0.1058873358746294,0.03411513859275053,0.008047437526471834,0.0255863539445629,0.021321961620469083,0.016518424396442185,0.0010660980810234541,0.002964845404489623
PHL,1978,0.04470021413276231,0.20529978586723768,0.04318936877076412,0.21926910299003322,0.042826552462526764,0.036544850498338874,0.00936830835117773,0.03737541528239203,0.04817275747508306,0.016059957173447537,0.004152823920265781,0.001873661670235546
PHL,1979,-0.0025404890441409972,0.1340107970784376,0.028284671532846715,0.23448905109489052,0.10892346776754525,0.020985401459854013,0.007939028262940616,0.029197080291970802,0.023722627737226276,0.006986344871387742,9.124087591240876e-4,0.0031756113051762463
PHL,1980,0.06334841628959276,0.16189039718451484,0.030217186024551465,0.26817752596789424,0.1035696329813977,0.018885741265344664,0.01860231271995978,0.039660056657223795,0.0066100094428706326,0.006033182503770739,0.0028328611898017,0.0030165912518853697
PHL,1981,0.06385932438685793,0.13882461823229986,0.004338394793926247,0.2588575560375994,0.07681628875520592,0.026030368763557483,0.004627487274409995,0.049891540130151846,0.005061460592913955,0.013882461823229986,0.0021691973969631237,0.0037019898195279964
PHL,1982,0.0027159152634437804,0.15154807170016296,0.10762800417972831,0.2560083594566353,0.038565996740901685,0.012539184952978056,0.00977729494839761,0.02612330198537095,0.008359456635318705,0.01683867463335144,0.0010449320794148381,0.0021727322107550242
PHL,1983,0.03766025641025641,0.17227564102564102,0.04007633587786259,0.2366412213740458,0.08974358974358974,0.02099236641221374,0.003205128205128205,0.04961832061068702,0.019083969465648856,0.006009615384615385,9.541984732824427e-4,0.001201923076923077
PHL,1984,0.03861003861003861,0.22614451185879758,0.04971857410881801,0.3030018761726079,0.1075565361279647,0.06097560975609756,0.014340871483728626,0.06941838649155722,0.01594746716697936,0.009376723662437948,0.0028142589118198874,0.0027578599007170436
PHL,1985,0.036328871892925434,0.19694072657743786,0.07339927121290994,0.2545549193128579,0.1147227533460803,0.09057782404997397,0.017208413001912046,0.03591879229567933,0.012493492972410203,0.012746972594008922,5.205622071837585e-4,0.0028680688336520078
PHL,1986,NA,NA,0.06818181818181818,0.3984848484848485,NA,0.0030303030303030303,NA,0.02878787878787879,0.04696969696969697,NA,0.0015151515151515152,NA
PHL,1987,0.05176470588235294,0.2823529411764706,0.06451612903225806,0.32014607425441266,0.06274509803921569,0.02678027997565429,0.022745098039215685,0.04017041996348144,0.029214850882531954,0.014901960784313726,0.004869141813755326,0.001568627450980392
PHL,1988,0.04768683274021352,0.23701067615658364,-0.0475785896346644,0.27187765505522515,0.08113879003558719,0.11045029736618521,0.015658362989323844,0.016992353440951572,0.011045029736618521,0.0298932384341637,0.002548853016142736,0.0014234875444839859
PHL,1989,0.04783599088838269,0.2422171602126044,0.003076923076923077,0.24512820512820513,0.09567198177676538,0.10051282051282051,0.017463933181473046,0.013333333333333334,0.015384615384615385,0.018223234624145785,0.003076923076923077,0.005315110098709187
PHL,1990,0.06656346749226007,0.2043343653250774,0.017777777777777778,0.28888888888888886,0.06037151702786378,0.044444444444444446,0.01238390092879257,0.04777777777777778,0.02666666666666667,0.018188854489164085,0,0.0027089783281733747
PHL,1991,0.0514018691588785,0.2917222963951936,0.07110091743119266,0.20871559633027523,0.03204272363150868,0.006880733944954129,0.01335113484646195,0.017201834862385322,0.0481651376146789,0.027369826435246995,0.0034403669724770644,0.0020026702269692926
PHL,1992,0.028841111693759833,0.20503408495018352,0.10420711974110032,0.2686084142394822,0.07341373885684321,0.040776699029126215,0.02202412165705296,0.036245954692556634,0.02394822006472492,0.015207131620346093,0.008414239482200648,0.0036706869428421605
PHL,1993,0.08627678054429647,0.22177185871453386,-0.016366612111292964,0.24713584288052373,0.09669947886508395,0.05073649754500818,0.008106543138390272,0.03764320785597381,0.027004909983633387,0.009264620729588882,0.006546644844517185,0.0052113491603937466
PHL,1994,0.05662983425414365,0.21593001841620627,0.09230769230769231,0.25034965034965034,0.10313075506445672,0.05174825174825175,0.007826887661141806,0.045454545454545456,0.08181818181818182,0.020718232044198894,0.004195804195804196,0.005985267034990792
PHL,1995,0.06058673469387755,0.22130102040816327,0.06289881494986327,0.2488605287146764,0.08673469387755102,0.04831358249772106,0.02614795918367347,0.05560619872379216,0.020054694621695533,0.02295918367346939,0.0027347310847766638,0.001913265306122449
PHL,1996,0.07050976655550262,0.19056693663649357,0.02846441947565543,0.21423220973782772,0.07908527870414483,0.05767790262172284,0.023344449737970462,0.0696629213483146,0.03146067415730337,0.023344449737970462,0.009737827715355805,0.006193425440686041
PHL,1997,0.07169192953707497,0.15116755428103237,0.07985803016858918,0.2839396628216504,0.07537894305612454,0.04259094942324756,0.010651372388365424,0.05678793256433008,0.038154392191659274,0.014338385907414994,0.006211180124223602,0.004096681687832855
PHL,1998,-0.02021174205967276,0.10202117420596728,0.048115477145148355,0.27105052125100243,0.0548604427333975,0.04891740176423416,0.011549566891241578,0.05052125100240577,0.04170008019246191,0.0019249278152069298,0.0024057738572574178,9.624639076034649e-4
PHL,1999,-0.002472624514305899,0.21229247615683505,0.12657166806370496,0.2958927074601844,0.0921935711762628,0.06538139145012574,0.015895443306252206,0.041911148365465216,0.022632020117351215,0.008830801836806783,0.003352891869237217,0.0021193924408336277
PHL,2000,-0.007695126419934042,0.22022718944668376,0.0782967032967033,0.2733516483516483,0.06375961890802492,0.05631868131868132,0.03517772077684134,0.04120879120879121,0.03571428571428571,0.007328691828508612,0.0027472527472527475,0.0014657383657017222
PHL,2001,0.010942463819272856,0.13660430638898693,-0.09927007299270073,0.31532846715328466,0.07730321214260501,0.09197080291970802,0.018002117896223083,0.061313868613138686,0.033576642335766425,0.008824567596187787,0.00145985401459854,7.059654076950229e-4
PHL,2002,0.01818181818181818,0.23030303030303031,0,0.2931785195936139,0.03686868686868687,0.09143686502177069,0.045454545454545456,0.06821480406386067,0.01451378809869376,0.012626262626262626,0.008708272859216255,0.00101010101010101
PHL,2003,0.018411967779056387,0.11047180667433831,0.1310592459605027,0.289048473967684,0.04430379746835443,0.025134649910233394,0.02819332566168009,0.07540394973070018,0.017953321364452424,0.005753739930955121,0.0017953321364452424,0.0017261219792865361
PHL,2004,0.04059652029826015,0.22949461474730737,0.05847953216374269,0.2729044834307992,0.05965202982601491,0.0682261208576998,0.016570008285004142,0.05360623781676413,0.03313840155945419,0.014913007456503728,0.001949317738791423,0.004971002485501243
PHL,2005,0.05654761904761905,0.23511904761904762,0.04158215010141988,0.2829614604462475,0.06696428571428571,0.0486815415821501,0.023809523809523808,0.03144016227180527,0.02636916835699797,0.010416666666666666,0.0030425963488843813,0.001488095238095238
PHL,2006,0.059082892416225746,0.1437389770723104,0.12426900584795321,0.24707602339181287,0.05423280423280423,0.03654970760233918,0.009700176366843033,0.043859649122807015,0.03070175438596491,0.007054673721340388,0.0014619883040935672,4.409171075837742e-4
PHL,2007,0.08047411104179664,0.16781035558328133,0.15119760479041916,0.21107784431137724,0.048034934497816595,0.09730538922155689,0.01684341859014348,0.020958083832335328,0.03143712574850299,0.009981285090455396,0.008982035928143712,0.0012476606363069245
PHL,2008,0.018852459016393444,0.15,0.07633587786259542,0.25190839694656486,0.06721311475409836,0.11068702290076336,0.004918032786885246,0.03244274809160305,0.007633587786259542,0.006557377049180328,0.003816793893129771,0.0036885245901639345
PHL,2009,-0.002275830678197542,0.1843422849340009,0.02761795166858458,0.285385500575374,0.06281292671825216,0.07019562715765247,0.014110150204824761,0.05063291139240506,0.01611047180667434,0.008192990441511151,0.00805523590333717,0.0027309968138370506
PHL,2010,0.007494379215588309,0.06495128653509867,0.11933174224343675,0.2911694510739857,0.0412190856857357,0.021479713603818614,0.004996252810392206,0.021479713603818614,0.031026252983293555,0.005745690731951037,0.00954653937947494,9.992505620784412e-4
PHL,2011,0.016088328075709778,0.08738170347003155,0.1235370611183355,0.2483745123537061,0.03517350157728707,0.031209362808842653,0.005993690851735016,0.053315994798439535,0.02340702210663199,0.004574132492113565,0,0.0015772870662460567
PHL,2012,0.009489916963226572,0.08639778568604191,0.06475485661424607,0.23496762257169287,0.02738236457097667,0.036077705827937095,0.006030051403716884,0.04070305272895467,0.05087881591119334,0.004052985369711349,0.0064754856614246065,0.0030644523527085803
PHL,2013,0.022740274599542334,0.07151029748283753,0.0910871694417238,0.21645445641527913,0.028604118993135013,0.05778648383937316,0.006435926773455378,0.019588638589618023,0.015670910871694418,0.003432494279176201,0.004897159647404506,0.0017162471395881006
PHL,2014,0.01993685160126297,0.08903924221921515,0.10031347962382445,0.274294670846395,0.029950383400992334,0.02821316614420063,0.005412719891745603,0.045454545454545456,0.019592476489028215,0.0037889039242219214,0.01018808777429467,0.0017140279657194407
PHL,2015,0.020833333333333332,0.08767893660531698,0.08949771689497717,0.24840182648401826,0.022942229038854806,0.0319634703196347,0.004473415132924335,0.04657534246575343,0.029223744292237442,0.004217791411042945,0.0091324200913242,5.751533742331289e-4
PHL,2016,-0.0026679602231384912,0.13800630608780015,0.08375893769152196,0.27783452502553624,0.026679602231384915,0.031664964249233915,0.021828765462042203,0.031664964249233915,0.05107252298263534,0.01042929905408683,0.006128702757916241,0.0031530439000727628
PHL,2017,-0.03537735849056604,0.19693396226415094,-0.022546419098143235,0.3129973474801061,0.026336477987421385,0.020557029177718834,0.022209119496855344,0.07891246684350132,0.04907161803713528,0.014937106918238994,0.003978779840848806,0.007861635220125786
PHL,2018,0.035114503816793895,0.26615776081424936,NA,NA,0.05292620865139949,NA,0.025954198473282442,NA,NA,0.0183206106870229,NA,0.01272264631043257
RUS,1971,NA,NA,0.08527131782945736,0.2180653859116953,NA,0.01482979440512302,NA,0.06572295247724974,0.014155712841253791,NA,0.0010111223458038423,NA
RUS,1972,NA,NA,0.05076472502440612,0.2629352424341035,NA,0.006182883176049463,NA,0.08721119427269769,0.012040351448096323,NA,0.0013016596160104132,NA
RUS,1973,NA,NA,0.07512520868113523,0.22203672787979967,NA,0.015358931552587647,NA,0.05375626043405676,0.011686143572621035,NA,0.001001669449081803,NA
RUS,1974,NA,NA,0.07050572166851236,0.21520856404577335,NA,0.016611295681063124,NA,0.07493540051679587,0.011812476928755998,NA,0.004429678848283499,NA
RUS,1975,NA,NA,0.06634182908545727,0.2485007496251874,NA,0.014992503748125937,NA,0.06221889055472264,0.012368815592203899,NA,0.004122938530734633,NA
RUS,1976,NA,NA,0.06382335148215366,0.23018753781004234,NA,0.013309134906231096,NA,0.07259528130671507,0.012704174228675136,NA,0.002117362371445856,NA
RUS,1977,NA,NA,0.061979648473635525,0.22910884983040394,NA,0.012642614862781376,NA,0.0810977489978415,0.011409189022510022,NA,0.0033919210607462227,NA
RUS,1978,NA,NA,0.03664345914254306,0.22132649322096007,NA,0.010993037742762916,NA,0.09967020886771712,0.006962257237083181,NA,0.001832172957127153,NA
RUS,1979,NA,NA,0.06827309236947791,0.21927710843373494,NA,0.00642570281124498,NA,0.05943775100401606,0.01325301204819277,NA,0.0012048192771084338,NA
RUS,1980,NA,NA,0.02268370607028754,0.19456869009584665,NA,0.009584664536741214,NA,0.07859424920127796,0.011821086261980831,NA,0.0012779552715654952,NA
RUS,1981,NA,NA,0.02361429977041653,0.23679895047556576,NA,0.010823220728107576,NA,0.06526730075434568,0.01508691374221056,NA,0.0019678583142013774,NA
RUS,1982,NA,NA,0.032539416303253944,0.2264340825226434,NA,0.00872190540087219,NA,0.08218718550821871,0.009392821200939282,NA,6.709158000670916e-4,NA
RUS,1983,NA,NA,0.046341463414634146,0.22195121951219512,NA,0.008841463414634146,NA,0.08109756097560976,0.00975609756097561,NA,0.001524390243902439,NA
RUS,1984,NA,NA,0.018862275449101795,0.23862275449101797,NA,0.008982035928143712,NA,0.08802395209580838,0.0074850299401197605,NA,0.0032934131736526945,NA
RUS,1985,NA,NA,0.03761755485893417,0.2507836990595611,NA,0.01567398119122257,NA,0.07562695924764891,0.014498432601880877,NA,0.00274294670846395,NA
RUS,1986,NA,NA,0.024247867085765602,0.24068253255500674,NA,0.01347103726986978,NA,0.06825325550067356,0.01661427929950606,NA,0.004041311180960934,NA
RUS,1987,NA,NA,0.031055900621118012,0.2329192546583851,NA,0.020186335403726708,NA,0.05641821946169772,0.026915113871635612,NA,0.004658385093167702,NA
RUS,1988,NA,NA,0.05309734513274336,0.1906677393403057,NA,0.014481094127111826,NA,0.05148833467417538,0.016492357200321803,NA,0.008849557522123894,NA
RUS,1989,NA,NA,0.025380710659898477,0.20812182741116753,NA,0.023996308260267652,NA,0.06229810798338717,0.019843101061375174,NA,0.003230272265805261,NA
RUS,1990,NA,NA,-0.0027235587834770767,0.25238311393554247,NA,0.021788470267816613,NA,0.060372219700408535,0.02088061733999092,NA,0.01044030866999546,NA
RUS,1991,NA,NA,0.05483704086911537,0.21003621314019658,NA,0.02017589239524056,NA,0.04397309881013968,0.031039834454216243,NA,0.007242628039317123,NA
RUS,1992,NA,NA,0.09750812567713976,0.24918743228602383,NA,0.01950162513542795,NA,0.05308775731310943,0.02925243770314193,NA,0.0032502708559046588,NA
RUS,1993,NA,NA,0.039761431411530816,0.2644135188866799,NA,0.019880715705765408,NA,0.0636182902584493,0.039761431411530816,NA,0.0019880715705765406,NA
RUS,1994,NA,NA,0.0022865853658536584,0.2263719512195122,NA,0.01524390243902439,NA,0.08155487804878049,0.025914634146341462,NA,0.004573170731707317,NA
RUS,1995,NA,NA,0.05995475113122172,0.2160633484162896,NA,0.020361990950226245,NA,0.06108597285067873,0.024886877828054297,NA,0,NA
RUS,1996,NA,NA,0.08247422680412371,0.22508591065292097,NA,0.012027491408934709,NA,0.06529209621993128,0.01804123711340206,NA,0.00429553264604811,NA
RUS,1997,NA,NA,0.037937743190661476,0.20330739299610895,NA,0.014591439688715954,NA,0.057392996108949414,0.008754863813229572,NA,0.0029182879377431907,NA
RUS,1998,NA,NA,0.03335980937251787,0.1938046068308181,NA,0.015091342335186657,NA,0.07148530579825259,0.014297061159650517,NA,0,NA
RUS,1999,NA,NA,0.03861003861003861,0.22084942084942086,NA,0.013127413127413128,NA,0.055598455598455596,0.01776061776061776,NA,0,NA
RUS,2000,0.045756457564575644,0.2095940959409594,0.09145299145299145,0.24358974358974358,0.06974169741697417,0.021367521367521368,0.008487084870848708,0.06495726495726496,0.023931623931623933,0.018819188191881917,0.003418803418803419,0.0025830258302583027
RUS,2001,0.07227374480332587,0.20083146786056924,0.08991228070175439,0.2565789473684211,0.0818676047329709,0.021929824561403508,0.008954269267668692,0.10307017543859649,0.02412280701754386,0.015350175887432043,0,0.003517748640869843
RUS,2002,0.030710835058661144,0.15976535541752934,0.01597444089456869,0.22470713525026625,0.0779848171152519,0.01597444089456869,0.016908212560386472,0.08519701810436635,0.01703940362087327,0.007936507936507936,0.004259850905218318,0.002070393374741201
RUS,2003,0.07804568527918782,0.21954314720812182,0.11024498886414254,0.2594654788418708,0.06662436548223351,0.014476614699331848,0.03426395939086294,0.05011135857461024,0.01002227171492205,0.014593908629441625,0.004454342984409799,9.517766497461929e-4
RUS,2004,0.06114468538926413,0.16779239246356203,0,0.24440298507462688,0.0998933522929257,0.011194029850746268,0.018841094916459297,0.0830223880597015,0.025186567164179104,0.018130110202630643,9.328358208955224e-4,0.001066477070742979
RUS,2005,0.10294666169339799,0.2215591197314435,0.023876404494382022,0.24578651685393257,0.061917195076464,0.01544943820224719,0.013054830287206266,0.0898876404494382,0.011235955056179775,0.037672510257366655,0.007022471910112359,3.729951510630362e-4
RUS,2006,0.07424867413081909,0.1791396582203889,0.08610400682011936,0.21909633418584826,0.06923983500294638,0.02216538789428815,0.0553918680023571,0.060528559249786874,0.014492753623188406,0.020624631703005304,8.525149190110827e-4,0.002357100766057749
RUS,2007,0.0656040656040656,0.13305613305613306,0.15005727376861397,0.2279495990836197,0.08708708708708708,0.042382588774341354,0.0164010164010164,0.046964490263459335,0.006872852233676976,0.01617001617001617,0.002290950744558992,9.24000924000924e-4
RUS,2008,0.06106696935300795,0.20408626560726448,-0.01743119266055046,0.23027522935779818,0.050170261066969354,0.022018348623853212,0.014982973893303065,0.05596330275229358,0.015596330275229359,0.02315550510783201,0.0045871559633027525,0.0022701475595913734
RUS,2009,0.06690633113640902,0.1719592570401438,0.05309734513274336,0.23185840707964603,0.0689035350509287,0.022123893805309734,0.015777910924705412,0.06725663716814159,0.011504424778761062,0.013980427401637708,0.0017699115044247787,0.0029958058717795086
RUS,2010,0.03952339436210404,0.17204301075268819,0.10576923076923077,0.18653846153846154,0.05986631793083406,0.01826923076923077,0.02121476315024702,0.0625,0.011538461538461539,0.03051438535309503,0.0019230769230769232,0.0066841034582970065
RUS,2011,0.048206937095825984,0.17871840094062316,0.038433111603843315,0.21286031042128603,0.059082892416225746,0.021433850702143386,0.020282186948853614,0.06504065040650407,0.0066518847006651885,0.01646090534979424,0.0022172949002217295,0.0023515579071134627
RUS,2012,0.07027498908773461,0.17939764295067656,0.008016032064128256,0.24649298597194388,0.0759493670886076,0.011022044088176353,0.010257529463116543,0.047094188376753505,0.03406813627254509,0.014622435617634221,0.002004008016032064,0.0024006983849847226
RUS,2013,0.05247670426679745,0.1245708680725846,0.006493506493506494,0.1987012987012987,0.07871505640019617,0.032467532467532464,0.01765571358509073,0.04285714285714286,0.01818181818181818,0.013487003433055419,0.0012987012987012987,0.002697400686611084
RUS,2014,0.07038288288288289,0.15934684684684686,-0.04698581560283688,0.22606382978723405,0.07939189189189189,0.005319148936170213,0.011542792792792793,0.0549645390070922,0.015070921985815602,0.01097972972972973,0.0017730496453900709,0.003096846846846847
RUS,2015,0.03801076971808679,0.18308520747545137,-0.007281553398058253,0.20792880258899676,0.07792207792207792,0.02669902912621359,0.025023756731073803,0.03964401294498382,0.016181229773462782,0.013303769401330377,0.0056634304207119745,0.0019005384859043396
RUS,2016,0.09447368421052632,0.19236842105263158,0.019674935842600515,0.19931565440547477,0.08342105263157895,0.022241231822070145,0.007105263157894737,0.06244653550042772,0.013686911890504704,0.012105263157894737,0.0025662959794696323,0.003947368421052632
RUS,2017,NA,NA,0.010662604722010662,0.21325209444021326,NA,0.013709063214013708,NA,0.04798172124904798,0.015993907083015995,NA,0.003808073115003808,NA
RUS,2018,0.08560379680084373,0.1727895939532431,NA,NA,0.07013534891896643,NA,0.037089119353137634,NA,NA,0.012128669361926525,NA,0.0038671119704693268
USA,1913,0.08978583196046129,0.1902800658978583,NA,NA,0.04942339373970346,NA,0.009060955518945634,NA,NA,0.015650741350906095,NA,8.237232289950577e-4
USA,1914,0.07003610108303249,0.2606498194945848,NA,NA,0.04404332129963899,NA,0.025992779783393503,NA,NA,0.010108303249097473,NA,0.0021660649819494585
USA,1915,0.05377961639714178,0.20646859721699887,NA,NA,0.051899210229409555,NA,0.026325686348251224,NA,NA,0.011282437006393382,NA,7.52162467092892e-4
USA,1916,0.0377113133940182,0.18335500650195058,NA,NA,0.04681404421326398,NA,0.010403120936280884,NA,NA,0.006501950585175552,NA,0
USA,1917,-0.004626060138781804,0.36854279105628374,NA,NA,0.016962220508866616,NA,0.05397070161912105,NA,NA,0.014649190439475714,NA,7.710100231303007e-4
USA,1918,0.08172280508006627,0.26173384870237437,NA,NA,0.04969630038652678,NA,0.030369961347321922,NA,NA,0.004969630038652678,NA,0.0016565433462175593
USA,1919,0.03823047515019115,0.2381212452211906,NA,NA,0.085199344620426,NA,0.02184598580010923,NA,NA,0.010922992900054615,NA,0.002184598580010923
USA,1920,0.056716417910447764,0.25771144278606967,NA,NA,0.08258706467661692,NA,0.015920398009950248,NA,NA,0.020895522388059702,NA,0.0029850746268656717
USA,1921,0.021709633649932156,0.23518769787426505,NA,NA,0.06558118498417007,NA,0.013568521031207599,NA,NA,0.008593396653098146,NA,0
USA,1922,-0.014861995753715499,0.2237791932059448,NA,NA,0.07006369426751592,NA,0.018683651804670912,NA,NA,0.0118895966029724,NA,4.246284501061571e-4
USA,1923,0.08059701492537313,0.24402985074626865,NA,NA,0.061567164179104475,NA,0.014925373134328358,NA,NA,0.008208955223880597,NA,0.002238805970149254
USA,1924,0.07155963302752294,0.21761467889908256,NA,NA,0.0744954128440367,NA,0.02165137614678899,NA,NA,0.009174311926605505,NA,0.0014678899082568807
USA,1925,0.07295930652540332,0.20635685046954008,NA,NA,0.06742114134360704,NA,0.019985552612569228,NA,NA,0.009150012039489525,NA,0.0016855285335901757
USA,1926,0.06660039761431412,0.21272365805168986,NA,NA,0.07181908548707754,NA,0.019383697813121274,NA,NA,0.007455268389662028,NA,0.0022365805168986083
USA,1927,0.04593138644740573,0.2160476325489084,NA,NA,0.08477459597391551,NA,0.01842925999432946,NA,NA,0.007371703997731784,NA,0.0031187978451942162
USA,1928,0.07174621998221169,0.17906907797213165,NA,NA,0.06996738808182627,NA,0.015120071153276016,NA,NA,0.009190631485324638,NA,0.0020753038837829827
USA,1929,0.06163194444444445,0.1840277777777778,NA,NA,0.06705729166666667,NA,0.018012152777777776,NA,NA,0.005425347222222222,NA,0.003472222222222222
USA,1930,0.030518819938962362,0.1536113936927772,NA,NA,0.11088504577822991,NA,0.01017293997965412,NA,NA,0.0076297049847405905,NA,0.001525940996948118
USA,1931,0.025937749401436554,0.2031125299281724,NA,NA,0.1149241819632881,NA,0.012370311252992818,NA,NA,0.008379888268156424,NA,0.0015961691939345571
USA,1932,0.0016120365394948952,0.19183234819989253,NA,NA,0.09618484685652874,NA,0.015583019881783988,NA,NA,0.010209564750134336,NA,0.0026867275658248252
USA,1934,0.04138702460850112,0.24049217002237136,NA,NA,0.08277404921700224,NA,0.011185682326621925,NA,NA,0.012304250559284116,NA,0
USA,1935,0.054873646209386284,0.20216606498194944,NA,NA,0.047653429602888084,NA,0.01444043321299639,NA,NA,0.01588447653429603,NA,7.220216606498195e-4
USA,1936,0.07254623044096728,0.3186344238975818,NA,NA,0.032716927453769556,NA,0.032716927453769556,NA,NA,0.014935988620199146,NA,0.0021337126600284497
USA,1937,0.05711610486891386,0.20880149812734083,NA,NA,0.03464419475655431,NA,0.019662921348314606,NA,NA,0.03932584269662921,NA,0.0018726591760299626
USA,1938,-0.05116796440489433,0.25027808676307006,NA,NA,0.11067853170189099,NA,0.012235817575083427,NA,NA,0.016129032258064516,NA,0.0016685205784204673
USA,1939,0.02323991797676008,0.24743677375256323,NA,NA,0.08407382091592618,NA,0.039644565960355434,NA,NA,0.025974025974025976,NA,0.002734107997265892
USA,1940,0.025466893039049237,0.2835314091680815,NA,NA,0.04584040747028863,NA,0.050933786078098474,NA,NA,0.02461799660441426,NA,0.0025466893039049238
USA,1941,0.0675,0.31083333333333335,NA,NA,0.0225,NA,0.06583333333333333,NA,NA,0.043333333333333335,NA,0
USA,1942,-0.05417607223476298,0.33559066967644846,NA,NA,0.018811136192626036,NA,0.08051166290443942,NA,NA,0.018811136192626036,NA,7.524454477050414e-4
USA,1943,-0.02565597667638484,0.317201166180758,NA,NA,0.022157434402332362,NA,0.0717201166180758,NA,NA,0.01924198250728863,NA,0.0011661807580174927
USA,1944,-0.030716723549488054,0.3078498293515358,NA,NA,0.043003412969283276,NA,0.07098976109215017,NA,NA,0.031399317406143344,NA,0.0013651877133105802
USA,1945,-0.0049245921822099106,0.2917820867959372,NA,NA,0.0332409972299169,NA,0.08033240997229917,NA,NA,0.01662049861495845,NA,3.077870113881194e-4
USA,1946,0.031198036265737587,0.18908860559030802,NA,NA,0.12788027555625942,NA,0.03436534959220841,NA,NA,0.006413809486103413,NA,0.0022963021616913453
USA,1947,0.03241106719367589,0.233201581027668,NA,NA,0.09130434782608696,NA,0.04308300395256917,NA,NA,0.010671936758893281,NA,0.0031620553359683794
USA,1948,0.10255198487712665,0.29064272211720227,NA,NA,0.10349716446124764,NA,0.026465028355387523,NA,NA,0.02835538752362949,NA,0.003780718336483932
USA,1949,0.11308677098150782,0.2581792318634424,NA,NA,0.0903271692745377,NA,0.015647226173541962,NA,NA,0.020625889046941678,NA,0.006401137980085348
USA,1950,0.16758933064921994,0.303472571716155,NA,NA,0.07599396074484147,NA,0.02264720684448918,NA,NA,0.038751887267237044,NA,0.004026170105686965
USA,1951,0.08777852802160702,0.32275489534098584,NA,NA,0.03038487508440243,NA,0.08237677245104659,NA,NA,0.031060094530722483,NA,6.752194463200541e-4
USA,1952,0.09834368530020704,0.34679089026915116,NA,NA,0.04917184265010352,NA,0.07660455486542443,NA,NA,0.018115942028985508,NA,0.004658385093167702
USA,1953,0.05790645879732739,0.26161841128433555,NA,NA,0.04855233853006682,NA,0.03964365256124722,NA,NA,0.024201930215293245,NA,0.0026726057906458797
USA,1954,0.1016949152542373,0.2071563088512241,NA,NA,0.08436911487758945,NA,0.039171374764595104,NA,NA,0.014689265536723164,NA,0.0030131826741996233
USA,1955,0.15072639225181597,0.2627118644067797,NA,NA,0.07082324455205811,NA,0.04146489104116223,NA,NA,0.016343825665859565,NA,0.007566585956416465
USA,1956,0.10135869565217391,0.23559782608695654,NA,NA,0.07853260869565218,NA,0.03016304347826087,NA,NA,0.017934782608695653,NA,0.004076086956521739
USA,1957,0.1171875,0.24888392857142858,NA,NA,0.06975446428571429,NA,0.03962053571428571,NA,NA,0.02734375,NA,0.005022321428571429
USA,1958,0.0975609756097561,0.2634146341463415,NA,NA,0.05658536585365854,NA,0.07804878048780488,NA,NA,0.013658536585365854,NA,0.004878048780487805
USA,1959,0.12116858237547892,0.2753831417624521,NA,NA,0.08620689655172414,NA,0.036877394636015325,NA,NA,0.025383141762452106,NA,0.0038314176245210726
USA,1960,0.09912170639899624,0.2806357172731075,NA,NA,0.06231702216645755,NA,0.033458803847762446,NA,NA,0.015056461731493099,NA,0.002509410288582183
USA,1961,0.09521105432519401,0.2349044103728942,NA,NA,0.07420026500094644,NA,0.03236797274275979,NA,NA,0.01855006625023661,NA,0.005300018928639031
USA,1962,0.07825167430384208,0.2770532252379274,NA,NA,0.09164610504053577,NA,0.03137116672541417,NA,NA,0.02079661614381389,NA,0.005639760310186817
USA,1963,0.06455921638468388,0.2711487088156723,NA,NA,0.06678539626001781,NA,0.04541406945681211,NA,NA,0.022707034728406055,NA,0.004452359750667854
USA,1964,0.05859065716547902,0.2913697545526524,NA,NA,0.08155186064924783,NA,0.028503562945368172,NA,NA,0.015043547110055424,NA,0.003167062549485352
USA,1965,0.08477611940298507,0.3176119402985075,NA,NA,0.05850746268656717,NA,0.02208955223880597,NA,NA,0.028656716417910448,NA,0.004776119402985075
USA,1966,0.0352882703777336,0.31560636182902585,NA,NA,0.04970178926441352,NA,0.04622266401590457,NA,NA,0.022365805168986085,NA,0.004970178926441352
USA,1967,0.032914201183431954,0.2843934911242604,NA,NA,0.0654585798816568,NA,0.04252958579881657,NA,NA,0.015532544378698224,NA,0.0029585798816568047
USA,1968,0.04639435199193142,0.25718608169440244,NA,NA,0.08018154311649017,NA,0.03681290973272819,NA,NA,0.014120020171457387,NA,0.0030257186081694403
USA,1969,0.07512060647829083,0.24603721571330117,NA,NA,0.048242591316333565,NA,0.024810475534114404,NA,NA,0.02067539627842867,NA,0.0034458993797381117
USA,1970,0.06699147381242387,0.3276492082825822,0.15459140690817186,0.2607413647851727,0.055420219244823384,0.03411962931760741,0.035931790499390985,0.03496208930075821,0.02148272957034541,0.02192448233861145,0.004633529907329402,0.0097442143727162
USA,1971,0.08280254777070063,0.2178343949044586,0.11017786561264822,0.25938735177865613,0.0643312101910828,0.017786561264822136,0.007643312101910828,0.03606719367588933,0.007411067193675889,0.022292993630573247,0.0014822134387351778,0.006369426751592357
USA,1972,0.05536089698668535,0.27960756832515765,0.03376304481276857,0.2461632903621854,0.07848633496846531,0.020871700429711478,0.030833917309039945,0.048496009821976674,0.01596071209330878,0.019621583742116328,0.003683241252302026,0.006306937631394534
USA,1973,0.10483870967741936,0.22096774193548388,0.10862068965517241,0.25689655172413794,0.06290322580645161,0.02327586206896552,0.02258064516129032,0.04051724137931034,0.019827586206896553,0.020967741935483872,0.002586206896551724,0.0064516129032258064
USA,1974,0.07466814159292036,0.2627212389380531,0.03073661897191309,0.27980922098569155,0.06471238938053098,0.06412294647588765,0.03982300884955752,0.05511393746687864,0.010068892421833599,0.014933628318584071,0.0010598834128245894,0.007190265486725664
USA,1975,0.030353200883002206,0.18818984547461368,0.08937397034596375,0.2804777594728171,0.11258278145695365,0.016474464579901153,0.018211920529801324,0.06301482701812192,0.018945634266886325,0.009381898454746136,0.002883031301482702,0.003863134657836645
USA,1976,0.022944550669216062,0.2982791586998088,0.08391831525207402,0.26196553924696875,0.09082217973231357,0.031269942565411615,0.033938814531548754,0.04562858966177409,0.023292916400765796,0.024378585086042064,0.0022335673261008296,0.005258126195028681
USA,1977,0.09321595028482652,0.2641118591403418,0.07741935483870968,0.27670250896057347,0.05541170378042465,0.022222222222222223,0.04557224236147074,0.11326164874551971,0.02078853046594982,0.013464526152252718,7.168458781362007e-4,5.178663904712584e-4
USA,1978,0.06217616580310881,0.30166954519286127,0.13444401394808214,0.25377760557923285,0.11226252158894647,0.06431615652847733,0.033966609096142776,0.0317706315381635,0.01743510267338241,0.02360391479562464,0.002324680356450988,0.002302820955670697
USA,1979,0.1499644633972992,0.34186211798152094,0.06427423674343867,0.24424209962506696,0.07107320540156362,0.06855918585966791,0.05543710021321962,0.035886448848419926,0.021424745581146223,0.028429282160625444,0.0032137118371719335,0.0035536602700781805
USA,1980,0.07714285714285714,0.30857142857142855,0.125,0.29857512953367876,0.05,0.012953367875647668,0.07714285714285714,0.0667098445595855,0.03044041450777202,0.015714285714285715,0.0019430051813471502,0.002857142857142857
USA,1981,0.08188900295911589,0.18974575759405762,0.1468994581577363,0.27453341360626127,0.07639350202306902,0.12281757977122215,0.026632042997765566,0.02107164358819988,0.013847080072245636,0.0169696237695513,0.003612281757977122,0.007367594661513376
USA,1982,0.051675977653631286,0.24441340782122906,0.08649225840896957,0.3021890016017085,0.09078212290502793,0.03150026695141484,0.0223463687150838,0.05018686599038975,0.019754404698344902,0.020484171322160148,5.339028296849973e-4,0.0023277467411545625
USA,1983,0.06943231441048035,0.27641921397379915,0.05966930265995687,0.32710280373831774,0.09912663755458516,0.008626887131560028,0.028820960698689956,0.08554996405463695,0.014378145219266714,0.02314410480349345,7.189072609633358e-4,0.0017467248908296944
USA,1984,0.1644486692015209,0.33840304182509506,0.14534883720930233,0.30910852713178294,0.06226235741444867,0.02567829457364341,0.030893536121673004,0.05910852713178295,0.03343023255813953,0.03802281368821293,0.0014534883720930232,0.0042775665399239545
USA,1985,0.13793103448275862,0.3043240284619595,0.07849686847599165,0.2789144050104384,0.08812260536398467,0.03674321503131524,0.03557744937055282,0.05260960334029228,0.0325678496868476,0.039956212370005476,0.0020876826722338203,0.004378762999452655
USA,1986,0.11242603550295859,0.3425378040762656,0.06142941523922032,0.28588304784406376,0.05654174884944116,0.03307737743650325,0.032215647600262985,0.07855877141169522,0.03544004725339634,0.04799474030243261,0.0029533372711163615,0.003287310979618672
USA,1987,0.0807327001356852,0.2544097693351425,0.09176029962546817,0.28901373283395754,0.04341926729986431,0.039950062421972535,0.021709633649932156,0.04868913857677903,0.04057428214731586,0.035278154681139755,0.0024968789013732834,0.0020352781546811396
USA,1988,0.10071574642126789,0.2602249488752556,0.05206738131699847,0.33078101071975496,0.05521472392638037,0.014293006636038795,0.033231083844580775,0.06584992343032159,0.045941807044410414,0.05674846625766871,0.0015313935681470138,0.0015337423312883436
USA,1989,0.08421610169491525,0.2854872881355932,0.10693215339233038,0.3724188790560472,0.06832627118644068,0.028761061946902654,0.03072033898305085,0.06268436578171091,0.038348082595870206,0.03177966101694915,0.00663716814159292,0.005296610169491525
USA,1990,0.1193502824858757,0.2379943502824859,0.09377817853922453,0.3011722272317403,0.05155367231638418,0.0063119927862939585,0.02754237288135593,0.05229936880072137,0.029756537421100092,0.043785310734463276,0.008115419296663661,0.007062146892655367
USA,1991,0.03871391076115486,0.34448818897637795,0.05506993006993007,0.3243006993006993,0.062335958005249346,0.021853146853146852,0.04265091863517061,0.04283216783216783,0.04108391608391608,0.04002624671916011,0.0017482517482517483,0.0032808398950131233
USA,1992,0.025190392501464556,0.24428822495606328,0.1574750830564784,0.35415282392026576,0.0849443468072642,0.04186046511627907,0.02460456942003515,0.09700996677740864,0.023255813953488372,0.021675454012888107,0.007308970099667774,0.011130638547158758
USA,1993,0.03721881390593047,0.26462167689161553,0.06966403162055336,0.31867588932806323,0.13537832310838446,0.029644268774703556,0.013087934560327199,0.06571146245059288,0.030632411067193676,0.020858895705521473,0.010869565217391304,0.011042944785276074
USA,1994,0.029753265602322207,0.2895500725689405,0.08071748878923767,0.33781763826606875,0.07402031930333818,0.033632286995515695,0.038824383164005806,0.07324364723467862,0.03139013452914798,0.031204644412191583,0.008221225710014948,0.019230769230769232
USA,1995,0.027009437032216074,0.2730231044581842,0.006613756613756613,0.30158730158730157,0.06996420436055971,0.02447089947089947,0.03058900097624471,0.09259259259259259,0.010582010582010581,0.030914415880247317,0.0033068783068783067,0.008460787504067686
USA,1996,-0.008816120906801008,0.2884130982367758,0.028094820017559263,0.3037752414398595,0.06633081444164568,0.012291483757682178,0.04030226700251889,0.1044776119402985,0.021071115013169446,0.04030226700251889,0.0052677787532923615,0.010495382031905962
USA,1997,0.05635891731553578,0.23062662217278457,0.08282208588957055,0.3374233128834356,0.06674082313681869,0.0299079754601227,0.02817945865776789,0.0598159509202454,0.03834355828220859,0.034853540971449756,0.006901840490797546,0.010381905821282907
USA,1998,0.08636836628511967,0.2535553243149497,-0.04459203036053131,0.4146110056925996,0.07318765175164758,0.023719165085388995,0.02774887270204648,0.06736242884250475,0.03510436432637571,0.030870620881026708,9.487666034155598e-4,0.007284079084287201
USA,1999,0.07602534178059353,0.26075358452817604,0.013646702047005308,0.3457164518574678,0.0703567855951984,0.05686125852918878,0.03434478159386462,0.05079605761940864,0.030326004548900682,0.025341780593531177,0.01288855193328279,0.005001667222407469
USA,2000,0.0764371446620341,0.27605811749842074,0.10204081632653061,0.28085519922254615,0.082122552116235,0.021379980563654033,0.029058749210360075,0.034013605442176874,0.03595724003887269,0.03853442830069488,0.004859086491739553,0.009475679090334808
USA,2001,0.041063614944463145,0.3049478290138001,-0.1286266924564797,0.45551257253384914,0.06799057556378324,0.01644100580270793,0.04510265903736116,0.08027079303675048,0.027079303675048357,0.02558061258835409,0.0019342359767891683,0.0063951531470885226
USA,2002,-0.02031063321385902,0.35961768219832735,-0.043410852713178294,0.33178294573643413,0.05077658303464755,0.01627906976744186,0.08004778972520908,0.08139534883720931,0.01937984496124031,0.026881720430107527,7.751937984496124e-4,0.0047789725209080045
USA,2003,-0.03928266438941076,0.3031596925704526,-0.06783719074221868,0.37270550678371905,0.034158838599487616,0.020750199521149242,0.06447480785653288,0.0742218675179569,0.02713487629688747,0.02305721605465414,0.0023942537909018356,0.0064047822374039285
USA,2004,0.011125945705384957,0.2906097018246551,0.053724928366762174,0.3631805157593123,0.05473965287049399,0.022922636103151862,0.049399198931909215,0.06088825214899714,0.07234957020057306,0.024477080551846907,0.0028653295128939827,0.00801068090787717
USA,2005,0.08476146364057434,0.3080129689671144,0.11392405063291139,0.2683544303797468,0.04678091709124595,0.0189873417721519,0.05002315886984715,0.04430379746835443,0.04177215189873418,0.042149143121815655,0.002531645569620253,0.004631773969430292
USA,2006,0.0668693009118541,0.33782023447676945,0.05331040412725709,0.34909716251074807,0.04732957012592271,0.012897678417884782,0.03951367781155015,0.055030094582975066,0.04299226139294927,0.03386886669561442,0,0.0039079461571862786
USA,2007,0.01845342706502636,0.29876977152899825,0.03593339176161262,0.2953549517966696,0.04130052724077329,0.04557405784399649,0.048330404217926184,0.023663453111305872,0.03943908851884312,0.024165202108963092,0.008764241893076249,0.01054481546572935
USA,2008,0.07972480777013355,0.26912181303116145,0.07285276073619631,0.3458588957055215,0.05018211250505868,0.019938650306748466,0.04896802913800081,0.05521472392638037,0.03450920245398773,0.027114528530959126,0.003067484662576687,0.004856333468231485
USA,2009,0.013605442176870748,0.28208616780045354,0.030454318522216674,0.29905142286570147,0.11020408163265306,0.023464802795806292,0.013151927437641724,0.05491762356465302,0.030454318522216674,0.020861678004535148,0.00798801797304044,0.011337868480725623
USA,2010,0.003713330857779428,0.2629038247307835,0.06984126984126984,0.2768253968253968,0.09506126995915336,0.027936507936507936,0.020423319717786857,0.05333333333333334,0.050793650793650794,0.02116598588934274,0.0019047619047619048,0.005569996286669142
USA,2011,0.07817460317460317,0.22896825396825396,0.07670454545454546,0.34375,0.0880952380952381,0.014204545454545454,0.01746031746031746,0.06931818181818182,0.04261363636363636,0.020634920634920634,0.005113636363636364,0.005555555555555556
USA,2012,0.006642066420664207,0.23985239852398524,0.013461538461538462,0.34423076923076923,0.10959409594095941,0.01730769230769231,0.01992619926199262,0.041025641025641026,0.04358974358974359,0.013653136531365314,6.41025641025641e-4,0.0036900369003690036
USA,2013,0.06394248959515701,0.24782444192205827,-0.012400354295837024,0.3073516386182462,0.09307604994324631,0.012843224092116917,0.02686341278849792,0.06775907883082374,0.02878653675819309,0.024593265228906546,0.002657218777679362,0.004161937192584185
USA,2014,0.05917159763313609,0.23224852071005916,-0.059020044543429843,0.32293986636971045,0.07655325443786982,0.017817371937639197,0.028846153846153848,0.06625835189309577,0.023942093541202674,0.026627218934911243,0.004454342984409799,0.006656804733727811
USA,2015,0.045098039215686274,0.2615686274509804,0.05345572354211663,0.31047516198704106,0.06666666666666667,0.026457883369330453,0.02862745098039216,0.038876889848812095,0.03509719222462203,0.023529411764705882,0.003779697624190065,0.0058823529411764705
USA,2016,0.04552276138069034,0.28264132066033015,0.030288909599254427,0.28191985088536814,0.06303151575787894,0.042404473438956196,0.030515257628814407,0.02749301025163094,0.03867660764212488,0.02301150575287644,0.006989748369058714,0.007003501750875438
USA,2017,0.05263157894736842,0.29890764647467727,0.037745604963805586,0.37280248190279214,0.060079443892750745,0.021199586349534644,0.03227408142999007,0.048086866597724924,0.03360910031023785,0.03028798411122145,0.002068252326783868,0.007944389275074478
USA,2018,0.02666666666666667,0.28229885057471266,NA,NA,0.04827586206896552,NA,0.031724137931034485,NA,NA,0.020689655172413793,NA,0.0018390804597701149
ZAF,1970,NA,NA,0.06780923994038748,0.22727272727272727,NA,0.02384500745156483,NA,0.021609538002980627,0.018628912071535022,NA,0.0022354694485842027,NA
ZAF,1971,NA,NA,0.0907911802853437,0.1245136186770428,NA,0.038910505836575876,NA,0.007782101167315175,0.0038910505836575876,NA,0.0025940337224383916,NA
ZAF,1972,NA,NA,0.023809523809523808,0.24603174603174602,NA,0.030864197530864196,NA,0.03439153439153439,0.007936507936507936,NA,0.003527336860670194,NA
ZAF,1973,NA,NA,0.040983606557377046,0.19808743169398907,NA,0.025956284153005466,NA,0.028005464480874317,0.012295081967213115,NA,0.001366120218579235,NA
ZAF,1984,NA,NA,0.061936936936936936,0.2511261261261261,NA,0.05292792792792793,NA,0.038288288288288286,0.018018018018018018,NA,0,NA
ZAF,1990,-0.003780718336483932,0.21172022684310018,NA,NA,0.04725897920604915,NA,0.023156899810964082,NA,NA,0.020793950850661626,NA,0.002835538752362949
ZAF,1994,0.09278737791134485,0.23553719008264462,0.04483074107959744,0.28636779505946935,0.05672426746806912,0.01463860933211345,0.018407212622088654,0.018298261665141813,0.053064958828911254,0.040946656649135986,9.149130832570906e-4,0.002629601803155522
ZAF,1995,0.04746317512274959,0.23567921440261866,0.11899313501144165,0.2334096109839817,0.03887070376432079,0.038901601830663615,0.018821603927986905,0.036613272311212815,0.02803203661327231,0.019639934533551555,0.008009153318077803,0.004091653027823241
ZAF,1996,0.0722753346080306,0.2344168260038241,0.12126865671641791,0.23880597014925373,0.06424474187380497,0.03171641791044776,0.021032504780114723,0.061567164179104475,0.01585820895522388,0.02638623326959847,0.0018656716417910447,0.0038240917782026767
ZAF,1997,0.075516693163752,0.22257551669316375,0.04899777282850779,0.24944320712694878,0.06200317965023847,0.031180400890868598,0.022655007949125595,0.04974016332590943,0.022271714922048998,0.02106518282988871,0.005196733481811433,0.003577106518282989
ZAF,1998,0.025221540558963872,0.2365371506475801,0.02237354085603113,0.3239299610894942,0.05657805044308112,0.04085603112840467,0.018064076346284937,0.04961089494163424,0.05252918287937743,0.025221540558963872,0.0048638132295719845,0.00408997955010225
ZAF,1999,0.051966014621616284,0.2357241651847461,0.05426356589147287,0.24473975636766335,0.05710333926101561,0.03322259136212625,0.018573404465520648,0.03875968992248062,0.04983388704318937,0.025093854969373643,0.004429678848283499,0.0023710729104919974
ZAF,2000,0.06370967741935483,0.22741935483870968,-0.0070921985815602835,0.3723404255319149,0.088638195004029,0.03546099290780142,0.008460918614020952,0.028368794326241134,0.047872340425531915,0.015310233682514102,0.008865248226950355,4.0290088638195e-4
ZAF,2001,0.061501868841318384,0.20625212368331636,0.03723404255319149,0.2845744680851064,0.09853890587835543,0.027925531914893616,0.017329255861365953,0.05319148936170213,0.02526595744680851,0.014610941216445803,0.005319148936170213,0.006455997281685355
ZAF,2002,0.08199591479428071,0.1841260577764809,0.14375,0.26875,0.06215348701488182,0.0484375,0.011672016340822877,0.025,0.040625,0.02159323023052232,0.0046875,0.0035016049022468633
ZAF,2003,0.09022931206380858,0.20139581256231306,0.041749502982107355,0.25646123260437376,0.07203389830508475,0.017892644135188866,0.024426719840478565,0.014910536779324055,0.016898608349900597,0.01669990029910269,0.0019880715705765406,0.004735792622133599
ZAF,2004,0.07909715407262022,0.20471050049067713,-0.0455607476635514,0.3282710280373832,0.06555446516192345,0.02219626168224299,0.012168792934249264,0.04789719626168224,0.04322429906542056,0.023159960745829246,0.004672897196261682,0.0035328753680078507
ZAF,2005,0.0990990990990991,0.20926640926640927,0.014192139737991267,0.35043668122270744,0.05868725868725869,0.028384279475982533,0.014929214929214929,0.039301310043668124,0.039301310043668124,0.01776061776061776,0,0.0033462033462033462
ZAF,2006,0.07667915825886423,0.23753243009512828,-0.016867469879518072,0.3397590361445783,0.06082444508503892,0.05421686746987952,0.01181896800230614,0.010843373493975903,0.02891566265060241,0.020755260882098586,0.0036144578313253013,0.003170942634765062
ZAF,2007,0.061178731582319026,0.19762972453555414,0.01858736059479554,0.24907063197026022,0.06053811659192825,0.07187112763320942,0.014734144778987828,0.008674101610904586,0.030978934324659233,0.015374759769378604,0.02973977695167286,0.005124919923126201
ZAF,2008,0.061237576146200706,0.19781981404296248,0.10625,0.22083333333333333,0.06059634498236614,0.04479166666666667,0.014748316768194934,0.021875,0.036458333333333336,0.015389547932029497,0.00625,0.005129849310676499
ZAF,2009,0.08669001751313485,0.22259194395796847,0.04782608695652174,0.26521739130434785,0.06812609457092819,0.05217391304347826,0.012259194395796848,0.03333333333333333,0.03768115942028986,0.02276707530647986,0.008695652173913044,0.007180385288966725
ZAF,2010,0.11150353178607467,0.2325933400605449,0.16541353383458646,0.21804511278195488,0.07416750756811302,0.020050125313283207,0.007063572149344097,0.03884711779448621,0.016290726817042606,0.01917255297679112,0.005012531328320802,0.006559031281533804
ZAF,2011,0.09659318637274548,0.1695390781563126,0.040995607613469986,0.31332357247437775,0.07294589178356714,0.01171303074670571,0.017234468937875752,0.040995607613469986,0.032210834553440704,0.015230460921843688,0.004392386530014641,0.008016032064128256
ZAF,2012,0.05441400304414003,0.13508371385083714,0.12242798353909465,0.2911522633744856,0.08295281582952815,0.021604938271604937,0.004946727549467275,0.05864197530864197,0.027777777777777776,0.0121765601217656,0.0051440329218107,0.011796042617960426
ZAF,2013,0.03772906934962271,0.18361480416816386,0.12738853503184713,0.2611464968152866,0.06647502694933526,0.07165605095541401,0.01652892561983471,0.025477707006369428,0.04617834394904458,0.015810276679841896,0.0031847133757961785,0.006827164929931728
ZAF,2014,0.06002377179080824,0.16818541996830427,0.07585335018963338,0.3034134007585335,0.07824881141045958,0.03413400758533502,0.011093502377179081,0.025284450063211124,0.02781289506953224,0.01941362916006339,0.006321112515802781,0.009904912836767036
ZAF,2015,0.08339510748702743,0.16716085989621943,0.07455268389662027,0.23757455268389663,0.0770941438102298,0.02584493041749503,0.014455151964418088,0.040755467196819085,0.05168986083499006,0.011489992587101558,9.940357852882703e-4,0.01519644180874722
ZAF,2016,0.06436233611442194,0.15335717123559794,0.03905160390516039,0.22873082287308227,0.092173222089789425,0.061366806136680614,0.010727056019070322,0.040446304044630406,0.009762900976290097,0.009137862534763607,0.005578800557880056,0.009535160905840286
ZAF,2017,0.04880694143167028,0.15220535068691252,0.07200929152148665,0.29965156794425085,0.07339117859725235,0.04413472706155633,0.012653651482284888,0.056910569105691054,0.020905923344947737,0.016992046276211134,0.006968641114982578,0.012292118582791034
ZAF,2018,0.10951979780960404,0.22240943555181128,NA,NA,0.09393428812131424,NA,0.007160909856781803,NA,NA,0.013058129738837404,NA,0.008424599831508003
